-- phpMyAdmin SQL Dump
-- version 5.0.3
-- https://www.phpmyadmin.net/
--
-- Host: 127.0.0.1
-- Generation Time: Jan 18, 2021 at 05:43 PM
-- Server version: 10.4.14-MariaDB
-- PHP Version: 7.4.11

SET SQL_MODE = "NO_AUTO_VALUE_ON_ZERO";
START TRANSACTION;
SET time_zone = "+00:00";


/*!40101 SET @OLD_CHARACTER_SET_CLIENT=@@CHARACTER_SET_CLIENT */;
/*!40101 SET @OLD_CHARACTER_SET_RESULTS=@@CHARACTER_SET_RESULTS */;
/*!40101 SET @OLD_COLLATION_CONNECTION=@@COLLATION_CONNECTION */;
/*!40101 SET NAMES utf8mb4 */;

--
-- Database: `cse`
--

-- --------------------------------------------------------

--
-- Table structure for table `admns`
--

CREATE TABLE `admns` (
  `admin_id` bigint(20) NOT NULL,
  `admin_pass` varchar(30) NOT NULL,
  `user_fk_admin` bigint(20) UNSIGNED NOT NULL
) ENGINE=InnoDB DEFAULT CHARSET=utf8mb4;

--
-- Dumping data for table `admns`
--

INSERT INTO `admns` (`admin_id`, `admin_pass`, `user_fk_admin`) VALUES
(1600100, 'tinti', 2000),
(1600101, 'tinto', 2001);

-- --------------------------------------------------------

--
-- Table structure for table `attendances`
--

CREATE TABLE `attendances` (
  `course_fk_att` varchar(10) NOT NULL,
  `student_fk_att` bigint(20) NOT NULL,
  `att_date` varchar(20) NOT NULL,
  `att_presence` int(11) NOT NULL,
  `sem` int(11) NOT NULL
) ENGINE=InnoDB DEFAULT CHARSET=utf8mb4;

--
-- Dumping data for table `attendances`
--

INSERT INTO `attendances` (`course_fk_att`, `student_fk_att`, `att_date`, `att_presence`, `sem`) VALUES
('CSE 4107', 160040001, '2020-05-17', 1, 1),
('CSE 4107', 160040002, '2020-05-17', 1, 1),
('CSE 4107', 16004003, '2020-05-17', 1, 1),
('CSE 4107', 160040004, '2020-05-17', 1, 1),
('CSE 4107', 160040005, '2020-05-17', 1, 1),
('CSE 4107', 160040001, '2020-05-17', 1, 1),
('CSE 4107', 160040002, '2020-05-17', 1, 1),
('CSE 4107', 16004003, '2020-05-17', 1, 1),
('CSE 4107', 160040004, '2020-05-17', 1, 1),
('CSE 4107', 160040005, '2020-05-17', 1, 1),
('CSE 4107', 160040001, '2020-05-17', 1, 1),
('CSE 4107', 160040002, '2020-05-17', 1, 1),
('CSE 4107', 16004003, '2020-05-17', 1, 1),
('CSE 4107', 160040004, '2020-05-17', 1, 1),
('CSE 4107', 160040005, '2020-05-17', 1, 1),
('CSE 4107', 160040001, '2020-05-17', 1, 1),
('CSE 4107', 160040002, '2020-05-17', 1, 1),
('CSE 4107', 16004003, '2020-05-17', 1, 1),
('CSE 4107', 160040004, '2020-05-17', 1, 1),
('CSE 4107', 160040005, '2020-05-17', 1, 1),
('CSE 4104', 160040001, '2020-05-17', 1, 1),
('CSE 4104', 160040002, '2020-05-17', 1, 1),
('CSE 4104', 16004003, '2020-05-17', 1, 1),
('CSE 4104', 160040004, '2020-05-17', 1, 1),
('CSE 4104', 160040005, '2020-05-17', 1, 1),
('CSE 4104', 160040001, '2020-05-17', 1, 1),
('CSE 4104', 160040002, '2020-05-17', 1, 1),
('CSE 4104', 16004003, '2020-05-17', 1, 1),
('CSE 4104', 160040004, '2020-05-17', 1, 1),
('CSE 4104', 160040005, '2020-05-17', 1, 1),
('CSE 4104', 160040001, '2020-05-17', 1, 1),
('CSE 4104', 160040002, '2020-05-17', 0, 1),
('CSE 4104', 16004003, '2020-05-17', 1, 1),
('CSE 4104', 160040004, '2020-05-17', 1, 1),
('CSE 4104', 160040005, '2020-05-17', 1, 1),
('CSE 4104', 160040001, '2020-05-17', 0, 1),
('CSE 4104', 160040002, '2020-05-17', 1, 1),
('CSE 4104', 16004003, '2020-05-17', 1, 1),
('CSE 4104', 160040004, '2020-05-17', 1, 1),
('CSE 4104', 160040005, '2020-05-17', 1, 1),
('CSE 4104', 160040001, '2020-05-17', 1, 1),
('CSE 4104', 160040002, '2020-05-17', 1, 1),
('CSE 4104', 16004003, '2020-05-17', 0, 1),
('CSE 4104', 160040004, '2020-05-17', 1, 1),
('CSE 4104', 160040005, '2020-05-17', 1, 1),
('CSE 4104', 160040001, '2020-05-17', 1, 1),
('CSE 4104', 160040002, '2020-05-17', 1, 1),
('CSE 4104', 16004003, '2020-05-17', 1, 1),
('CSE 4104', 160040004, '2020-05-17', 1, 1),
('CSE 4104', 160040005, '2020-05-17', 0, 1),
('CSE 4107', 160040001, '2020-05-17', 1, 1),
('CSE 4107', 160040002, '2020-05-17', 1, 1),
('CSE 4107', 16004003, '2020-05-17', 1, 1),
('CSE 4107', 160040004, '2020-05-17', 1, 1),
('CSE 4107', 160040005, '2020-05-17', 1, 1),
('CSE 4107', 160040001, '2020-05-17', 1, 1),
('CSE 4107', 160040002, '2020-05-17', 1, 1),
('CSE 4107', 16004003, '2020-05-17', 1, 1),
('CSE 4107', 160040004, '2020-05-17', 1, 1),
('CSE 4107', 160040005, '2020-05-17', 1, 1),
('CSE 4107', 160040001, '2020-05-17', 1, 1),
('CSE 4107', 160040002, '2020-05-17', 1, 1),
('CSE 4107', 16004003, '2020-05-17', 1, 1),
('CSE 4107', 160040004, '2020-05-17', 1, 1),
('CSE 4107', 160040005, '2020-05-17', 1, 1),
('CSE 4107', 160040001, '2020-05-17', 1, 1),
('CSE 4107', 160040002, '2020-05-17', 1, 1),
('CSE 4107', 16004003, '2020-05-17', 1, 1),
('CSE 4107', 160040004, '2020-05-17', 1, 1),
('CSE 4107', 160040005, '2020-05-17', 1, 1),
('CSE 4108', 160040001, '2020-05-17', 1, 1),
('CSE 4108', 160040002, '2020-05-17', 0, 1),
('CSE 4108', 16004003, '2020-05-17', 1, 1),
('CSE 4108', 160040004, '2020-05-17', 1, 1),
('CSE 4108', 160040005, '2020-05-17', 1, 1),
('CSE 4108', 160040001, '2020-05-17', 1, 1),
('CSE 4108', 160040002, '2020-05-17', 1, 1),
('CSE 4108', 16004003, '2020-05-17', 0, 1),
('CSE 4108', 160040004, '2020-05-17', 1, 1),
('CSE 4108', 160040005, '2020-05-17', 1, 1),
('CSE 4108', 160040001, '2020-05-17', 1, 1),
('CSE 4108', 160040002, '2020-05-17', 1, 1),
('CSE 4108', 16004003, '2020-05-17', 1, 1),
('CSE 4108', 160040004, '2020-05-17', 1, 1),
('CSE 4108', 160040005, '2020-05-17', 1, 1),
('CSE 4105', 160040001, '2020-05-17', 1, 1),
('CSE 4105', 160040002, '2020-05-17', 1, 1),
('CSE 4105', 16004003, '2020-05-17', 1, 1),
('CSE 4105', 160040004, '2020-05-17', 1, 1),
('CSE 4105', 160040005, '2020-05-17', 1, 1),
('CSE 4105', 160040001, '2020-05-17', 1, 1),
('CSE 4105', 160040002, '2020-05-17', 1, 1),
('CSE 4105', 16004003, '2020-05-17', 1, 1),
('CSE 4105', 160040004, '2020-05-17', 1, 1),
('CSE 4105', 160040005, '2020-05-17', 1, 1),
('CSE 4105', 160040001, '2020-05-17', 0, 1),
('CSE 4105', 160040002, '2020-05-17', 1, 1),
('CSE 4105', 16004003, '2020-05-17', 0, 1),
('CSE 4105', 160040004, '2020-05-17', 1, 1),
('CSE 4105', 160040005, '2020-05-17', 0, 1),
('CSE 4105', 160040001, '2020-05-17', 1, 1),
('CSE 4105', 160040002, '2020-05-17', 0, 1),
('CSE 4105', 16004003, '2020-05-17', 1, 1),
('CSE 4105', 160040004, '2020-05-17', 1, 1),
('CSE 4105', 160040005, '2020-05-17', 1, 1),
('CSE 4105', 160040001, '2020-05-17', 1, 1),
('CSE 4105', 160040002, '2020-05-17', 1, 1),
('CSE 4105', 16004003, '2020-05-17', 1, 1),
('CSE 4105', 160040004, '2020-05-17', 1, 1),
('CSE 4105', 160040005, '2020-05-17', 1, 1),
('Hum 4147', 160040001, '2020-05-17', 1, 1),
('Hum 4147', 160040002, '2020-05-17', 1, 1),
('Hum 4147', 16004003, '2020-05-17', 1, 1),
('Hum 4147', 160040004, '2020-05-17', 1, 1),
('Hum 4147', 160040005, '2020-05-17', 1, 1),
('Hum 4147', 160040001, '2020-05-17', 1, 1),
('Hum 4147', 160040002, '2020-05-17', 1, 1),
('Hum 4147', 16004003, '2020-05-17', 1, 1),
('Hum 4147', 160040004, '2020-05-17', 1, 1),
('Hum 4147', 160040005, '2020-05-17', 1, 1),
('Hum 4142', 16004003, '2020-05-17', 1, 1),
('Hum 4142', 16004003, '2020-05-17', 1, 1),
('Hum 4144', 160040001, '2020-05-17', 1, 1),
('Hum 4144', 160040002, '2020-05-17', 1, 1),
('Hum 4144', 160040004, '2020-05-17', 1, 1),
('Hum 4144', 160040005, '2020-05-17', 1, 1),
('Hum 4144', 160040001, '2020-05-17', 1, 1),
('Hum 4144', 160040002, '2020-05-17', 1, 1),
('Hum 4144', 160040004, '2020-05-17', 1, 1),
('Hum 4144', 160040005, '2020-05-17', 1, 1),
('Hum 4145', 160040001, '2020-05-17', 1, 1),
('Hum 4145', 160040002, '2020-05-17', 1, 1),
('Hum 4145', 16004003, '2020-05-17', 1, 1),
('Hum 4145', 160040004, '2020-05-17', 1, 1),
('Hum 4145', 160040005, '2020-05-17', 1, 1),
('Math 4141', 160040001, '2020-05-17', 1, 1),
('Math 4141', 160040002, '2020-05-17', 1, 1),
('Math 4141', 16004003, '2020-05-17', 1, 1),
('Math 4141', 160040004, '2020-05-17', 1, 1),
('Math 4141', 160040005, '2020-05-17', 1, 1),
('Phy 4141', 160040001, '2020-05-17', 1, 1),
('Phy 4141', 160040002, '2020-05-17', 1, 1),
('Phy 4141', 16004003, '2020-05-17', 1, 1),
('Phy 4141', 160040004, '2020-05-17', 1, 1),
('Phy 4141', 160040005, '2020-05-17', 1, 1),
('Phy 4142', 160040001, '2020-05-17', 1, 1),
('Phy 4142', 160040002, '2020-05-17', 1, 1),
('Phy 4142', 16004003, '2020-05-17', 1, 1),
('Phy 4142', 160040004, '2020-05-17', 1, 1),
('Phy 4142', 160040005, '2020-05-17', 1, 1),
('CSE 4104', 160040001, '2020-05-19', 1, 1),
('CSE 4104', 160040002, '2020-05-19', 1, 1),
('CSE 4104', 16004003, '2020-05-19', 1, 1),
('CSE 4104', 160040004, '2020-05-19', 1, 1),
('CSE 4104', 160040005, '2020-05-19', 1, 1),
('CSE 4104', 160040006, '2020-05-19', 1, 1),
('CSE 4108', 160040001, '2020-05-19', 1, 1),
('CSE 4108', 160040002, '2020-05-19', 1, 1),
('CSE 4108', 16004003, '2020-05-19', 1, 1),
('CSE 4108', 160040004, '2020-05-19', 1, 1),
('CSE 4108', 160040005, '2020-05-19', 1, 1),
('CSE 4108', 160040006, '2020-05-19', 1, 1),
('CSE 4104', 160040001, '2020-05-22', 1, 1),
('CSE 4104', 160040002, '2020-05-22', 1, 1),
('CSE 4104', 16004003, '2020-05-22', 1, 1),
('CSE 4104', 160040004, '2020-05-22', 1, 1),
('CSE 4104', 160040005, '2020-05-22', 1, 1),
('CSE 4104', 160040006, '2020-05-22', 1, 1),
('CSE 4104', 160040007, '2020-05-22', 1, 1),
('Hum 4145', 160040001, '2020-05-22', 1, 1),
('Hum 4145', 160040002, '2020-05-22', 1, 1),
('Hum 4145', 16004003, '2020-05-22', 1, 1),
('Hum 4145', 160040004, '2020-05-22', 1, 1),
('Hum 4145', 160040005, '2020-05-22', 1, 1),
('Hum 4145', 160040006, '2020-05-22', 1, 1),
('Hum 4145', 160040007, '2020-05-22', 1, 1),
('CSE 4104', 160040001, '2020-05-22', 1, 1),
('CSE 4104', 160040002, '2020-05-22', 1, 1),
('CSE 4104', 16004003, '2020-05-22', 1, 1),
('CSE 4104', 160040004, '2020-05-22', 1, 1),
('CSE 4104', 160040005, '2020-05-22', 1, 1),
('CSE 4104', 160040006, '2020-05-22', 1, 1),
('CSE 4104', 160040007, '2020-05-22', 1, 1),
('CSE 4108', 160040001, '2020-05-22', 1, 1),
('CSE 4108', 160040002, '2020-05-22', 1, 1),
('CSE 4108', 16004003, '2020-05-22', 1, 1),
('CSE 4108', 160040004, '2020-05-22', 1, 1),
('CSE 4108', 160040005, '2020-05-22', 1, 1),
('CSE 4108', 160040006, '2020-05-22', 1, 1),
('CSE 4108', 160040007, '2020-05-22', 1, 1),
('CSE 4107', 160040001, '2020-05-22', 1, 1),
('CSE 4107', 160040002, '2020-05-22', 1, 1),
('CSE 4107', 16004003, '2020-05-22', 1, 1),
('CSE 4107', 160040004, '2020-05-22', 1, 1),
('CSE 4107', 160040005, '2020-05-22', 1, 1),
('CSE 4107', 160040006, '2020-05-22', 1, 1),
('CSE 4107', 160040007, '2020-05-22', 1, 1),
('CSE 4105', 160040001, '2020-05-22', 1, 1),
('CSE 4105', 160040002, '2020-05-22', 1, 1),
('CSE 4105', 16004003, '2020-05-22', 1, 1),
('CSE 4105', 160040004, '2020-05-22', 1, 1),
('CSE 4105', 160040005, '2020-05-22', 1, 1),
('CSE 4105', 160040006, '2020-05-22', 1, 1),
('CSE 4105', 160040007, '2020-05-22', 1, 1),
('Hum 4142', 16004003, '2020-05-22', 1, 1),
('Hum 4142', 160040006, '2020-05-22', 1, 1),
('Hum 4142', 160040007, '2020-05-22', 1, 1),
('Hum 4147', 160040001, '2020-05-22', 1, 1),
('Hum 4147', 160040002, '2020-05-22', 1, 1),
('Hum 4147', 16004003, '2020-05-22', 1, 1),
('Hum 4147', 160040004, '2020-05-22', 1, 1),
('Hum 4147', 160040005, '2020-05-22', 1, 1),
('Hum 4147', 160040006, '2020-05-22', 1, 1),
('Hum 4147', 160040007, '2020-05-22', 1, 1),
('Hum 4144', 160040001, '2020-05-22', 1, 1),
('Hum 4144', 160040002, '2020-05-22', 1, 1),
('Hum 4144', 160040004, '2020-05-22', 1, 1),
('Hum 4144', 160040005, '2020-05-22', 1, 1),
('Hum 4145', 160040001, '2020-05-22', 1, 1),
('Hum 4145', 160040002, '2020-05-22', 1, 1),
('Hum 4145', 16004003, '2020-05-22', 1, 1),
('Hum 4145', 160040004, '2020-05-22', 1, 1),
('Hum 4145', 160040005, '2020-05-22', 1, 1),
('Hum 4145', 160040006, '2020-05-22', 1, 1),
('Hum 4145', 160040007, '2020-05-22', 1, 1),
('Math 4141', 160040001, '2020-05-22', 1, 1),
('Math 4141', 160040002, '2020-05-22', 1, 1),
('Math 4141', 16004003, '2020-05-22', 1, 1),
('Math 4141', 160040004, '2020-05-22', 1, 1),
('Math 4141', 160040005, '2020-05-22', 1, 1),
('Math 4141', 160040006, '2020-05-22', 1, 1),
('Math 4141', 160040007, '2020-05-22', 1, 1),
('Phy 4142', 160040001, '2020-05-22', 1, 1),
('Phy 4142', 160040002, '2020-05-22', 1, 1),
('Phy 4142', 16004003, '2020-05-22', 1, 1),
('Phy 4142', 160040004, '2020-05-22', 1, 1),
('Phy 4142', 160040005, '2020-05-22', 1, 1),
('Phy 4142', 160040006, '2020-05-22', 1, 1),
('Phy 4142', 160040007, '2020-05-22', 1, 1),
('Phy 4141', 160040001, '2020-05-22', 1, 1),
('Phy 4141', 160040002, '2020-05-22', 1, 1),
('Phy 4141', 16004003, '2020-05-22', 1, 1),
('Phy 4141', 160040004, '2020-05-22', 1, 1),
('Phy 4141', 160040005, '2020-05-22', 1, 1),
('Phy 4141', 160040006, '2020-05-22', 1, 1),
('Phy 4141', 160040007, '2020-05-22', 1, 1),
('CSE 4104', 160040001, '2020-12-07', 1, 1),
('CSE 4104', 160040002, '2020-12-07', 1, 1),
('CSE 4104', 16004003, '2020-12-07', 1, 1),
('CSE 4104', 160040004, '2020-12-07', 1, 1),
('CSE 4104', 160040005, '2020-12-07', 1, 1),
('CSE 4104', 160040006, '2020-12-07', 1, 1),
('CSE 4104', 160040007, '2020-12-07', 1, 1),
('CSE 4104', 160040001, '2020-12-09', 1, 1),
('CSE 4104', 160040002, '2020-12-09', 0, 1),
('CSE 4104', 16004003, '2020-12-09', 1, 1),
('CSE 4104', 160040004, '2020-12-09', 1, 1),
('CSE 4104', 160040005, '2020-12-09', 1, 1),
('CSE 4104', 160040006, '2020-12-09', 1, 1),
('CSE 4104', 160040007, '2020-12-09', 1, 1),
('CSE 4203', 16004003, '2020-12-28', 1, 2),
('CSE 4203', 160040001, '2020-12-28', 1, 2),
('CSE 4203', 160040002, '2020-12-28', 1, 2),
('CSE 4203', 160040004, '2020-12-28', 1, 2),
('CSE 4203', 160040005, '2020-12-28', 1, 2),
('CSE 4203', 160040006, '2020-12-28', 1, 2),
('CSE 4202', 16004003, '2020-12-28', 1, 2),
('CSE 4202', 160040001, '2020-12-28', 1, 2),
('CSE 4202', 160040002, '2020-12-28', 1, 2),
('CSE 4202', 160040004, '2020-12-28', 1, 2),
('CSE 4202', 160040005, '2020-12-28', 1, 2),
('CSE 4202', 160040006, '2020-12-28', 0, 2),
('CSE 4104', 160040007, '2020-12-28', 1, 1),
('CSE 4202', 16004003, '2020-12-28', 1, 2),
('CSE 4202', 160040001, '2020-12-28', 1, 2),
('CSE 4202', 160040002, '2020-12-28', 1, 2),
('CSE 4202', 160040004, '2020-12-28', 1, 2),
('CSE 4202', 160040005, '2020-12-28', 1, 2),
('CSE 4202', 160040006, '2020-12-28', 1, 2),
('Chem 4242', 16004003, '2020-12-29', 1, 2),
('Chem 4242', 160040001, '2020-12-29', 1, 2),
('Chem 4242', 160040002, '2020-12-29', 1, 2),
('Chem 4242', 160040004, '2020-12-29', 1, 2),
('Chem 4242', 160040005, '2020-12-29', 1, 2),
('Chem 4242', 160040006, '2020-12-29', 1, 2),
('CSE 4202', 16004003, '2020-12-29', 1, 2),
('CSE 4202', 160040001, '2020-12-29', 1, 2),
('CSE 4202', 160040002, '2020-12-29', 1, 2),
('CSE 4202', 160040004, '2020-12-29', 1, 2),
('CSE 4202', 160040005, '2020-12-29', 1, 2),
('CSE 4202', 160040006, '2020-12-29', 1, 2),
('CSE 4202', 16004003, '2020-12-30', 1, 2),
('CSE 4202', 160040001, '2020-12-30', 1, 2),
('CSE 4202', 160040002, '2020-12-30', 1, 2),
('CSE 4202', 160040004, '2020-12-30', 1, 2),
('CSE 4202', 160040005, '2020-12-30', 1, 2),
('CSE 4202', 160040006, '2020-12-30', 1, 2),
('CSE 4205', 16004003, '2020-12-30', 1, 2),
('CSE 4205', 160040001, '2020-12-30', 1, 2),
('CSE 4205', 160040002, '2020-12-30', 1, 2),
('CSE 4205', 160040004, '2020-12-30', 1, 2),
('CSE 4205', 160040005, '2020-12-30', 0, 2),
('CSE 4205', 160040006, '2020-12-30', 1, 2),
('CSE 4205', 16004003, '2020-12-30', 1, 2),
('CSE 4205', 160040001, '2020-12-30', 1, 2),
('CSE 4205', 160040002, '2020-12-30', 1, 2),
('CSE 4205', 160040004, '2020-12-30', 1, 2),
('CSE 4205', 160040005, '2020-12-30', 1, 2),
('CSE 4205', 160040006, '2020-12-30', 1, 2),
('CSE 4206', 16004003, '2020-12-30', 1, 2),
('CSE 4206', 160040001, '2020-12-30', 1, 2),
('CSE 4206', 160040002, '2020-12-30', 1, 2),
('CSE 4206', 160040004, '2020-12-30', 1, 2),
('CSE 4206', 160040005, '2020-12-30', 1, 2),
('CSE 4206', 160040006, '2020-12-30', 1, 2),
('Hum 4242', 16004003, '2020-12-30', 1, 2),
('Hum 4242', 160040001, '2020-12-30', 1, 2),
('Hum 4242', 160040002, '2020-12-30', 1, 2),
('Hum 4242', 160040004, '2020-12-30', 1, 2),
('Hum 4242', 160040005, '2020-12-30', 1, 2),
('Hum 4242', 160040006, '2020-12-30', 1, 2),
('Hum 4241', 16004003, '2020-12-30', 1, 2),
('Hum 4241', 160040001, '2020-12-30', 1, 2),
('Hum 4241', 160040002, '2020-12-30', 1, 2),
('Hum 4241', 160040004, '2020-12-30', 1, 2),
('Hum 4241', 160040005, '2020-12-30', 1, 2),
('Hum 4241', 160040006, '2020-12-30', 1, 2),
('Hum 4244', 16004003, '2020-12-30', 1, 2),
('Hum 4244', 160040001, '2020-12-30', 1, 2),
('Hum 4244', 160040002, '2020-12-30', 1, 2),
('Hum 4244', 160040004, '2020-12-30', 1, 2),
('Hum 4244', 160040005, '2020-12-30', 1, 2),
('Hum 4244', 160040006, '2020-12-30', 1, 2),
('Math 4241', 16004003, '2020-12-30', 1, 2),
('Math 4241', 160040001, '2020-12-30', 1, 2),
('Math 4241', 160040002, '2020-12-30', 1, 2),
('Math 4241', 160040004, '2020-12-30', 1, 2),
('Math 4241', 160040005, '2020-12-30', 1, 2),
('Math 4241', 160040006, '2020-12-30', 1, 2),
('Phy 4241', 16004003, '2020-12-30', 1, 2),
('Phy 4241', 160040001, '2020-12-30', 1, 2),
('Phy 4241', 160040002, '2020-12-30', 1, 2),
('Phy 4241', 160040004, '2020-12-30', 1, 2),
('Phy 4241', 160040005, '2020-12-30', 1, 2),
('Phy 4241', 160040006, '2020-12-30', 1, 2),
('Phy 4242', 16004003, '2020-12-30', 1, 2),
('Phy 4242', 160040001, '2020-12-30', 1, 2),
('Phy 4242', 160040002, '2020-12-30', 1, 2),
('Phy 4242', 160040004, '2020-12-30', 1, 2),
('Phy 4242', 160040005, '2020-12-30', 1, 2),
('Phy 4242', 160040006, '2020-12-30', 1, 2),
('Chem 4241', 16004003, '2020-12-30', 1, 2),
('Chem 4241', 160040001, '2020-12-30', 1, 2),
('Chem 4241', 160040002, '2020-12-30', 1, 2),
('Chem 4241', 160040004, '2020-12-30', 1, 2),
('Chem 4241', 160040005, '2020-12-30', 1, 2),
('Chem 4241', 160040006, '2020-12-30', 1, 2),
('Chem 4242', 16004003, '2020-12-30', 1, 2),
('Chem 4242', 160040001, '2020-12-30', 1, 2),
('Chem 4242', 160040002, '2020-12-30', 1, 2),
('Chem 4242', 160040004, '2020-12-30', 1, 2),
('Chem 4242', 160040005, '2020-12-30', 1, 2),
('Chem 4242', 160040006, '2020-12-30', 1, 2),
('CSE 4202', 16004003, '2020-12-30', 1, 2),
('CSE 4202', 160040001, '2020-12-30', 1, 2),
('CSE 4202', 160040002, '2020-12-30', 1, 2),
('CSE 4202', 160040004, '2020-12-30', 1, 2),
('CSE 4202', 160040005, '2020-12-30', 1, 2),
('CSE 4202', 160040006, '2020-12-30', 1, 2),
('CSE 4202', 160040007, '2020-12-30', 1, 2),
('CSE 4205', 16004003, '2020-12-30', 1, 2),
('CSE 4205', 160040001, '2020-12-30', 1, 2),
('CSE 4205', 160040002, '2020-12-30', 1, 2),
('CSE 4205', 160040004, '2020-12-30', 1, 2),
('CSE 4205', 160040005, '2020-12-30', 1, 2),
('CSE 4205', 160040006, '2020-12-30', 1, 2),
('CSE 4205', 160040007, '2020-12-30', 1, 2),
('CSE 4206', 16004003, '2020-12-30', 1, 2),
('CSE 4206', 160040001, '2020-12-30', 1, 2),
('CSE 4206', 160040002, '2020-12-30', 1, 2),
('CSE 4206', 160040004, '2020-12-30', 1, 2),
('CSE 4206', 160040005, '2020-12-30', 1, 2),
('CSE 4206', 160040006, '2020-12-30', 1, 2),
('CSE 4206', 160040007, '2020-12-30', 1, 2),
('CSE 4203', 16004003, '2020-12-30', 1, 2),
('CSE 4203', 160040001, '2020-12-30', 1, 2),
('CSE 4203', 160040002, '2020-12-30', 1, 2),
('CSE 4203', 160040004, '2020-12-30', 1, 2),
('CSE 4203', 160040005, '2020-12-30', 1, 2),
('CSE 4203', 160040006, '2020-12-30', 1, 2),
('CSE 4203', 160040007, '2020-12-30', 1, 2),
('Hum 4241', 16004003, '2020-12-30', 1, 2),
('Hum 4241', 160040001, '2020-12-30', 1, 2),
('Hum 4241', 160040002, '2020-12-30', 1, 2),
('Hum 4241', 160040004, '2020-12-30', 1, 2),
('Hum 4241', 160040005, '2020-12-30', 1, 2),
('Hum 4241', 160040006, '2020-12-30', 1, 2),
('Hum 4241', 160040007, '2020-12-30', 1, 2),
('Hum 4244', 16004003, '2020-12-30', 1, 2),
('Hum 4244', 160040001, '2020-12-30', 1, 2),
('Hum 4244', 160040002, '2020-12-30', 1, 2),
('Hum 4244', 160040004, '2020-12-30', 1, 2),
('Hum 4244', 160040005, '2020-12-30', 1, 2),
('Hum 4244', 160040006, '2020-12-30', 1, 2),
('Hum 4244', 160040007, '2020-12-30', 1, 2),
('Math 4241', 16004003, '2020-12-30', 1, 2),
('Math 4241', 160040001, '2020-12-30', 1, 2),
('Math 4241', 160040002, '2020-12-30', 1, 2),
('Math 4241', 160040004, '2020-12-30', 1, 2),
('Math 4241', 160040005, '2020-12-30', 1, 2),
('Math 4241', 160040006, '2020-12-30', 1, 2),
('Math 4241', 160040007, '2020-12-30', 1, 2),
('Phy 4241', 16004003, '2020-12-30', 1, 2),
('Phy 4241', 160040001, '2020-12-30', 1, 2),
('Phy 4241', 160040002, '2020-12-30', 1, 2),
('Phy 4241', 160040004, '2020-12-30', 1, 2),
('Phy 4241', 160040005, '2020-12-30', 1, 2),
('Phy 4241', 160040006, '2020-12-30', 1, 2),
('Phy 4241', 160040007, '2020-12-30', 1, 2),
('Phy 4242', 16004003, '2020-12-30', 1, 2),
('Phy 4242', 160040001, '2020-12-30', 1, 2),
('Phy 4242', 160040002, '2020-12-30', 1, 2),
('Phy 4242', 160040004, '2020-12-30', 1, 2),
('Phy 4242', 160040005, '2020-12-30', 1, 2),
('Phy 4242', 160040006, '2020-12-30', 1, 2),
('Phy 4242', 160040007, '2020-12-30', 1, 2),
('Chem 4241', 16004003, '2020-12-30', 1, 2),
('Chem 4241', 160040001, '2020-12-30', 1, 2),
('Chem 4241', 160040002, '2020-12-30', 1, 2),
('Chem 4241', 160040004, '2020-12-30', 1, 2),
('Chem 4241', 160040005, '2020-12-30', 1, 2),
('Chem 4241', 160040006, '2020-12-30', 1, 2),
('Chem 4241', 160040007, '2020-12-30', 1, 2),
('Chem 4242', 16004003, '2020-12-30', 1, 2),
('Chem 4242', 160040001, '2020-12-30', 1, 2),
('Chem 4242', 160040002, '2020-12-30', 1, 2),
('Chem 4242', 160040004, '2020-12-30', 1, 2),
('Chem 4242', 160040005, '2020-12-30', 1, 2),
('Chem 4242', 160040006, '2020-12-30', 1, 2),
('Chem 4242', 160040007, '2020-12-30', 1, 2),
('Hum 4142', 170040001, '2020-12-31', 1, 1),
('Hum 4142', 170040003, '2020-12-31', 1, 1),
('CSE 4107', 170040001, '2021-01-08', 1, 1),
('CSE 4107', 170040002, '2021-01-08', 1, 1),
('CSE 4107', 170040003, '2021-01-08', 1, 1);

-- --------------------------------------------------------

--
-- Table structure for table `comments`
--

CREATE TABLE `comments` (
  `comment_id` bigint(20) NOT NULL,
  `message_fk_comment` bigint(20) NOT NULL,
  `person_comment` varchar(50) NOT NULL,
  `comment` text NOT NULL,
  `updated_at` timestamp NOT NULL DEFAULT current_timestamp(),
  `created_at` timestamp NOT NULL DEFAULT current_timestamp()
) ENGINE=InnoDB DEFAULT CHARSET=utf8mb4;

--
-- Dumping data for table `comments`
--

INSERT INTO `comments` (`comment_id`, `message_fk_comment`, `person_comment`, `comment`, `updated_at`, `created_at`) VALUES
(2, 5, 'Abdul Hakim', 'C is a general-purpose, procedural computer programming language supporting structured programming, lexical variable scope, and recursion, with a static type system.', '2021-01-06 14:06:42', '2021-01-06 14:06:42'),
(6, 5, 'Omar Abdallah', 'C is a powerful general-purpose programming language. It can be used to develop software like operating systems, databases, compilers, and so on', '2021-01-06 14:11:12', '2021-01-06 14:11:12'),
(8, 8, 'Talha Ibn Aziz', 'This an example printf(\"Hello World\");', '2021-01-06 21:38:51', '2021-01-06 21:38:51'),
(9, 8, 'Arfa abdourahim', 'printf( \"Enter a value :\");', '2021-01-08 01:53:58', '2021-01-08 01:53:58'),
(13, 7, 'Abdul Hakim', 'Shahadah, Salah, Zakat, Sawm and Hajj.', '2021-01-18 10:39:48', '2021-01-18 10:39:48');

-- --------------------------------------------------------

--
-- Table structure for table `courses`
--

CREATE TABLE `courses` (
  `course_id` varchar(10) NOT NULL,
  `course_name` text NOT NULL,
  `course_sem` int(11) NOT NULL,
  `course_credit` double NOT NULL,
  `course_select` int(11) NOT NULL
) ENGINE=InnoDB DEFAULT CHARSET=utf8mb4;

--
-- Dumping data for table `courses`
--

INSERT INTO `courses` (`course_id`, `course_name`, `course_sem`, `course_credit`, `course_select`) VALUES
('Chem 4241', 'Chemistry', 2, 3, 1),
('Chem 4242', 'Chemistry Lab', 2, 0.75, 1),
('CSE 4104', 'Engineering Drawing Lab', 1, 0.75, 1),
('CSE 4105', 'Computing for Engineers', 1, 3, 1),
('CSE 4107', 'Structured Programming I', 1, 3, 1),
('CSE 4108', 'Structured Programming I Lab', 1, 1.5, 1),
('CSE 4202', 'Structured Programming II Lab', 2, 1.5, 1),
('CSE 4203', 'Discrete Mathematics', 2, 3, 1),
('CSE 4205', 'Digital Logic Design', 2, 3, 1),
('CSE 4206', 'Digital Logic Design Lab', 2, 0.75, 1),
('CSE 4301', 'Object Oriented Programming', 3, 3, 0),
('CSE 4302', 'Object Oriented Programming Lab', 3, 1.5, 0),
('CSE 4303', 'Data Structures', 3, 3, 0),
('CSE 4304', 'Data Structures Lab', 3, 1.5, 0),
('CSE 4305', 'Computer Organization and Architecture', 3, 3, 0),
('CSE 4307', 'Database Management Systems', 3, 3, 0),
('CSE 4308', 'Database Management Systems Lab', 3, 1.5, 0),
('CSE 4402', 'Visual Programming Lab', 4, 1.5, 0),
('CSE 4403', 'Algorithms', 4, 3, 0),
('CSE 4404', 'Algorithms Lab', 4, 1, 0),
('CSE 4405', 'Data and Telecommunications', 4, 4, 0),
('CSE 4407', 'System Analysis and Design', 4, 2, 0),
('CSE 4408', 'System Analysis and Design Lab', 4, 1, 0),
('CSE 4501', 'Operating Systems', 5, 3, 0),
('CSE 4502', 'Operating Systems Lab', 5, 1, 0),
('CSE 4503', 'Microprocessor and Assembly Language', 5, 3, 0),
('CSE 4504', 'Microprocessor and Assembly Language Lab', 5, 0.75, 0),
('CSE 4508', 'RDBMS Programming Lab', 5, 1.5, 0),
('CSE 4510', 'Software Development', 5, 0.75, 0),
('CSE 4511', 'Computer Networks', 5, 3, 0),
('CSE 4512', 'Computer Networks Lab', 5, 1.5, 0),
('CSE 4513', 'Software Engineering and Object Oriented Design', 5, 3, 0),
('CSE 4531', 'E Commerce and Web Security', 5, 3, 0),
('CSE 4537', 'Decision Support Systems', 5, 3, 0),
('CSE 4539', 'Web Programming', 5, 3, 0),
('CSE 4540', 'Web Programming Lab', 5, 0.75, 0),
('CSE 4543', 'Geographical Information Systems', 5, 3, 0),
('CSE 4544', 'Geographical Information Systems Lab', 5, 0.75, 0),
('CSE 4547', 'Parallel and Distributed Systems', 5, 3, 0),
('CSE 4549 ', 'Simulation and Modeling', 5, 3, 0),
('CSE 4550', 'Simulation and Modeling Lab', 5, 0.75, 0),
('CSE 4551', 'Computer Graphics and Multimedia Systems', 5, 3, 0),
('CSE 4552', 'Computer Graphics and Multimedia Systems Lab', 5, 0.75, 0),
('CSE 4590', 'Industrial Training', 5, 1, 0),
('CSE 4600', 'Project or Thesis', 6, 3, 0),
('CSE 4610', 'Design Project', 6, 1.5, 0),
('CSE 4614', 'CSE 4614', 6, 0.75, 0),
('CSE 4615', 'Wireless Networks', 6, 2, 0),
('CSE 4616', 'Wireless Networks Lab', 6, 0.75, 0),
('CSE 4617', 'Artificial Intelligence', 6, 3, 0),
('CSE 4618', 'Artificial Intelligence Lab', 6, 0.75, 0),
('CSE 4619', 'Peripherals and Interfacing', 6, 3, 0),
('CSE 4620', 'Peripherals and Interfacing Lab', 6, 0.75, 0),
('CSE 4631', 'Digital Signal Processing', 6, 3, 0),
('CSE 4632', 'Digital Signal Processing Lab', 6, 0.75, 0),
('CSE 4635', 'Web Architecture', 6, 3, 0),
('CSE 4636', 'Web Architecture Lab', 6, 0.75, 0),
('CSE 4641', 'Distributed Operating Systems', 6, 3, 0),
('CSE 4642', 'Distributed Operating Systems Lab', 6, 0.75, 0),
('CSE 4643', 'Mobile Application Development', 6, 3, 0),
('CSE 4644', 'Mobile Application Development Lab', 6, 0.75, 0),
('CSE 4647', 'Distributed Database Systems', 6, 3, 0),
('CSE 4648', 'Distributed Database Systems Lab', 6, 0.75, 0),
('CSE 4649', 'Systems Programming', 6, 3, 0),
('CSE 4650', 'Systems Programming Lab', 6, 0.75, 0),
('CSE 4651', 'Unix Programming', 6, 3, 0),
('CSE 4652', 'Unix Programming Lab', 6, 0.75, 0),
('CSE 4700', 'Project or Thesis', 7, 3, 0),
('CSE 4703', 'Theory of Computing', 7, 3, 0),
('CSE 4709', 'Machine Learning', 7, 3, 0),
('CSE 4710', 'Machine Learning Lab', 7, 0.75, 0),
('CSE 4733', ' Digital Image Processing', 7, 3, 0),
('CSE 4734', 'Digital Image Processing Lab', 7, 0.75, 0),
('CSE 4735', 'Digital Systems Design', 7, 3, 0),
('CSE 4736', 'Digital Systems Design Lab', 7, 0.75, 0),
('CSE 4739', 'Data Mining', 7, 3, 0),
('CSE 4743', 'Cryptography and Network Security', 7, 3, 0),
('CSE 4745', 'Embedded Systems Design', 7, 3, 0),
('CSE 4747', 'Computational Biology', 7, 3, 0),
('CSE 4749', 'Introduction to Cloud Computing', 7, 3, 0),
('CSE 4750', 'Introduction to Cloud Computing Lab', 7, 0.75, 0),
('CSE 4751', 'Network Programming', 7, 3, 0),
('CSE 4752', 'Network Programming Lab', 7, 0.75, 0),
('CSE 4753', 'Bioinformatics', 7, 3, 0),
('CSE 4754', 'CSE 4754', 7, 0.75, 0),
('CSE 4790', 'Industrial Training', 7, 1, 0),
('CSE 4800', 'Project or Thesis', 8, 3, 0),
('CSE 4801', 'Compiler Design', 8, 3, 0),
('CSE 4802', 'Compiler Design Lab', 8, 0.75, 0),
('CSE 4803', 'Graph Theory', 8, 3, 0),
('CSE 4807', 'IT Organization and Management', 8, 3, 0),
('CSE 4809', 'Algorithm Engineering', 8, 2, 0),
('CSE 4810', 'Algorithm Engineering Lab', 8, 0.75, 0),
('CSE 4833', 'VLSI Design and Testing', 8, 3, 0),
('CSE 4834', 'VLSI Design and Testing Lab', 8, 0.75, 0),
('CSE 4835', 'Pattern Recognition', 8, 3, 0),
('CSE 4836', 'Pattern Recognition Lab', 8, 0.75, 0),
('CSE 4839', ' Internetworking Protocols', 8, 3, 0),
('CSE 4840 ', 'Internetworking Protocols Lab', 8, 0.75, 0),
('CSE 4841', 'Introduction to Optimization', 8, 3, 0),
('CSE 4845', 'Introduction to Information Retrieval', 8, 3, 0),
('CSE 4847', 'Information and OS Security', 8, 3, 0),
('CSE 4849', 'Human Computer Interaction', 8, 3, 0),
('CSE 4851', 'Design Pattern', 8, 3, 0),
('EEE 4383', 'Electronic Devices and Circuits', 3, 3, 1),
('EEE 4384', 'Electronic Devices and Circuits Lab', 3, 0.75, 1),
('EEE 4483', 'Digital Electronics and Pulse Techniques', 4, 3, 0),
('EEE 4484', 'Digital Electronics and Pulse Techniques Lab', 4, 0.75, 0),
('Hum 4142', 'Arabic I', 1, 1, 1),
('Hum 4144', 'English I', 1, 1, 1),
('Hum 4145', 'Islamiat', 1, 2, 1),
('Hum 4147', 'Technology, Environment and Society', 1, 3, 1),
('Hum 4241', 'Islamic History Science and Culture', 2, 2, 1),
('Hum 4242', 'Arabic II', 2, 1, 1),
('Hum 4244', 'English II', 2, 1, 1),
('Hum 4441', 'Engineering Ethics', 4, 3, 0),
('Hum 4641', 'Accounting', 6, 3, 0),
('Hum 4741', 'Business Communication and Law', 7, 2, 0),
('Hum 4743', 'Engineering Economics', 7, 2, 0),
('Hum 4745', 'International Relationship', 7, 2, 0),
('Math 4141', 'Geometry and Differential Calculus', 1, 4, 1),
('Math 4241', 'Integral Calculus and Differential Equations', 2, 4, 1),
('Math 4341', 'Linear Algebra', 3, 3, 0),
('Math 4441', 'Probability and Statistics', 4, 3, 0),
('Math 4541', 'Multivariable Calculus and Complex\r\nVariables', 5, 3, 0),
('Math 4641', 'Numerical Methods', 6, 3, 0),
('Math 4642', 'Numerical Methods Lab', 6, 0.75, 0),
('Math 4741', 'Mathematical Analysis', 7, 3, 0),
('Phy 4141', 'Physics I', 1, 3, 1),
('Phy 4142', 'Physics I Lab', 1, 0.75, 1),
('Phy 4241', 'Physics II', 2, 3, 1),
('Phy 4242', 'Physics II Lab', 2, 0.75, 1);

-- --------------------------------------------------------

--
-- Table structure for table `coursetakes`
--

CREATE TABLE `coursetakes` (
  `student_fk_take` bigint(20) NOT NULL,
  `course_fk_take` varchar(30) NOT NULL,
  `take_sem` int(11) NOT NULL,
  `quiz1` double DEFAULT NULL,
  `quiz2` double DEFAULT NULL,
  `quiz3` double DEFAULT NULL,
  `quiz4` double DEFAULT NULL,
  `mid` double DEFAULT NULL,
  `final` double DEFAULT NULL,
  `att_mark` double DEFAULT NULL,
  `modif_mark` int(11) NOT NULL,
  `block_mark` int(11) NOT NULL,
  `updated_at` timestamp NOT NULL DEFAULT current_timestamp(),
  `created_at` timestamp NOT NULL DEFAULT current_timestamp()
) ENGINE=InnoDB DEFAULT CHARSET=utf8mb4;

--
-- Dumping data for table `coursetakes`
--

INSERT INTO `coursetakes` (`student_fk_take`, `course_fk_take`, `take_sem`, `quiz1`, `quiz2`, `quiz3`, `quiz4`, `mid`, `final`, `att_mark`, `modif_mark`, `block_mark`, `updated_at`, `created_at`) VALUES
(160040001, 'CSE 4104', 1, 3, 3, 3, 2, 13, 31, 7, 0, 0, '2020-05-17 14:03:31', '2020-05-17 14:03:31'),
(160040001, 'CSE 4105', 1, 13, 8, 23, 11, 56, 134, 30, 0, 0, '2020-05-17 14:03:31', '2020-05-17 14:03:31'),
(160040001, 'CSE 4107', 1, 15, 15, 12, 13, 54, 120, 30, 0, 0, '2020-05-17 14:03:31', '2020-05-17 14:03:31'),
(160040001, 'CSE 4108', 1, 7, 4, 5, 7, 26, 56, 15, 0, 0, '2020-05-17 14:03:31', '2020-05-17 14:03:31'),
(160040001, 'Hum 4144', 1, 5, 5, 5, 5, 22, 45, 10, 0, 0, '2020-05-17 14:03:32', '2020-05-17 14:03:32'),
(160040001, 'Hum 4145', 1, 8, 7, 7, 9, 45, 98, 20, 0, 0, '2020-05-17 14:03:32', '2020-05-17 14:03:32'),
(160040001, 'Hum 4147', 1, 12, 14, 13, 12, 61, 130, 30, 0, 0, '2020-05-17 14:03:32', '2020-05-17 14:03:32'),
(160040001, 'Math 4141', 1, 11, 13, 16, 19, 88, 123, 40, 0, 0, '2020-05-17 14:03:32', '2020-05-17 14:03:32'),
(160040001, 'Phy 4141', 1, 11, 12, 13, 14, 56, 134, 30, 0, 0, '2020-05-17 14:03:32', '2020-05-17 14:03:32'),
(160040001, 'Phy 4142', 1, 3, 3, 3, 3, 16, 34, 7, 0, 0, '2020-05-17 14:03:32', '2020-05-17 14:03:32'),
(160040002, 'CSE 4104', 1, 2, 2, 2, 2, 11, 36, 7, 0, 0, '2020-05-17 14:05:37', '2020-05-17 14:05:37'),
(160040002, 'CSE 4105', 1, 12, 8, 11, 11, 54, 122, 30, 0, 0, '2020-05-17 14:05:37', '2020-05-17 14:05:37'),
(160040002, 'CSE 4107', 1, 15, 15, 15, 11, 60, 130, 30, 0, 0, '2020-05-17 14:05:37', '2020-05-17 14:05:37'),
(160040002, 'CSE 4108', 1, 7, 3, 7, 4, 34, 71, 13, 0, 0, '2020-05-17 14:05:37', '2020-05-17 14:05:37'),
(160040002, 'Hum 4144', 1, 3, 4, 4, 5, 21, 44, 10, 0, 0, '2020-05-17 14:05:38', '2020-05-17 14:05:38'),
(160040002, 'Hum 4145', 1, 7, 7, 9, 9, 44, 88, 20, 0, 0, '2020-05-17 14:05:38', '2020-05-17 14:05:38'),
(160040002, 'Hum 4147', 1, 11, 14, 11, 12, 66, 122, 30, 0, 0, '2020-05-17 14:05:38', '2020-05-17 14:05:38'),
(160040002, 'Math 4141', 1, 18, 11, 19, 14, 98, 166, 40, 0, 0, '2020-05-17 14:05:38', '2020-05-17 14:05:38'),
(160040002, 'Phy 4141', 1, 8, 16, 13, 13, 65, 198, 30, 0, 0, '2020-05-17 14:05:38', '2020-05-17 14:05:38'),
(160040002, 'Phy 4142', 1, 3, 3, 2, 1, 13, 33, 7, 0, 0, '2020-05-17 14:05:38', '2020-05-17 14:05:38'),
(16004003, 'CSE 4104', 1, 1, 2, 2, 2, 10, 29, 7, 0, 0, '2020-05-17 14:06:28', '2020-05-17 14:06:28'),
(16004003, 'CSE 4105', 1, 9, 11, 11, 15, 34, 156, 30, 0, 0, '2020-05-17 14:06:28', '2020-05-17 14:06:28'),
(16004003, 'CSE 4107', 1, 11, 12, 12, 14, 68, 122, 30, 0, 0, '2020-05-17 14:06:28', '2020-05-17 14:06:28'),
(16004003, 'CSE 4108', 1, 4, 7, 4, 6, 22, 66, 13, 0, 0, '2020-05-17 14:06:29', '2020-05-17 14:06:29'),
(16004003, 'Hum 4142', 1, 5, 5, 5, 4, 24, 45, 10, 0, 0, '2020-05-17 14:06:29', '2020-05-17 14:06:29'),
(16004003, 'Hum 4145', 1, 6, 6, 9, 10, 43, 65, 20, 0, 0, '2020-05-17 14:06:29', '2020-05-17 14:06:29'),
(16004003, 'Hum 4147', 1, 9, 14, 14, 14, 55, 100, 30, 0, 0, '2020-05-17 14:06:29', '2020-05-17 14:06:29'),
(16004003, 'Math 4141', 1, 19, 14, 19, 19, 99, 198, 40, 0, 0, '2020-05-17 14:06:29', '2020-05-17 14:06:29'),
(16004003, 'Phy 4141', 1, 13, 7.5, 13, 14, 72, 165, 30, 0, 0, '2020-05-17 14:06:29', '2020-05-17 14:06:29'),
(16004003, 'Phy 4142', 1, 2, 2, 1, 3, 17, 32, 7, 0, 0, '2020-05-17 14:06:29', '2020-05-17 14:06:29'),
(160040004, 'CSE 4104', 1, 3, 3.5, 2, 1, 12, 35, 7, 0, 0, '2020-05-17 14:07:27', '2020-05-17 14:07:27'),
(160040004, 'CSE 4105', 1, 8, 11, 15, 12, 65, 143, 30, 0, 0, '2020-05-17 14:07:28', '2020-05-17 14:07:28'),
(160040004, 'CSE 4107', 1, 14, 13, 12, 15, 71, 145, 30, 0, 0, '2020-05-17 14:07:28', '2020-05-17 14:07:28'),
(160040004, 'CSE 4108', 1, 3, 7, 6, 5, 32, 59, 15, 0, 0, '2020-05-17 14:07:28', '2020-05-17 14:07:28'),
(160040004, 'Hum 4144', 1, 3, 3, 4, 5, 19, 43, 10, 0, 0, '2020-05-17 14:07:28', '2020-05-17 14:07:28'),
(160040004, 'Hum 4145', 1, 9, 9, 5, 10, 45, 92, 20, 0, 0, '2020-05-17 14:07:28', '2020-05-17 14:07:28'),
(160040004, 'Hum 4147', 1, 11, 12, 14, 9, 65, 143, 30, 0, 0, '2020-05-17 14:07:28', '2020-05-17 14:07:28'),
(160040004, 'Math 4141', 1, 13, 19, 19, 16, 84, 156, 40, 0, 0, '2020-05-17 14:07:28', '2020-05-17 14:07:28'),
(160040004, 'Phy 4141', 1, 15, 13, 11, 13, 61, 123, 30, 0, 0, '2020-05-17 14:07:29', '2020-05-17 14:07:29'),
(160040004, 'Phy 4142', 1, 1, 3, 2, 3, 11, 36, 7, 0, 0, '2020-05-17 14:07:29', '2020-05-17 14:07:29'),
(160040005, 'CSE 4104', 1, 3, 2, 2, 2, 11, 35, 7, 0, 0, '2020-05-17 14:08:00', '2020-05-17 14:08:00'),
(160040005, 'CSE 4105', 1, 12, 11, 13, 13, 59, 145, 30, 0, 0, '2020-05-17 14:08:00', '2020-05-17 14:08:00'),
(160040005, 'CSE 4107', 1, 14, 14, 15, 15, 75, 149, 30, 0, 0, '2020-05-17 14:08:00', '2020-05-17 14:08:00'),
(160040005, 'CSE 4108', 1, 7, 7, 7, 6, 34, 73, 15, 0, 0, '2020-05-17 14:08:01', '2020-05-17 14:08:01'),
(160040005, 'Hum 4144', 1, 2, 4, 5, 4, 18, 36, 10, 0, 0, '2020-05-17 14:08:01', '2020-05-17 14:08:01'),
(160040005, 'Hum 4145', 1, 9, 9, 9, 9, 39, 77, 20, 0, 0, '2020-05-17 14:08:01', '2020-05-17 14:08:01'),
(160040005, 'Hum 4147', 1, 14, 12, 14, 9, 66, 123, 30, 0, 0, '2020-05-17 14:08:01', '2020-05-17 14:08:01'),
(160040005, 'Math 4141', 1, 17, 16, 19, 15, 79, 188, 40, 0, 0, '2020-05-17 14:08:01', '2020-05-17 14:08:01'),
(160040005, 'Phy 4141', 1, 13, 13, 15, 7, 49, 176, 30, 0, 0, '2020-05-17 14:08:01', '2020-05-17 14:08:01'),
(160040005, 'Phy 4142', 1, 3, 2, 3, 1, 15, 31, 7, 0, 0, '2020-05-17 14:08:01', '2020-05-17 14:08:01'),
(160040006, 'CSE 4104', 1, 3, 3, 2, 2, 15, 29, 7, 0, 0, '2020-05-19 05:20:42', '2020-05-19 05:20:42'),
(160040006, 'CSE 4105', 1, 9, 11, 12, 11, 47, 88, 30, 0, 0, '2020-05-19 05:20:42', '2020-05-19 05:20:42'),
(160040006, 'CSE 4107', 1, -0.01, 11, 12, 13, 59, 90, 30, 0, 0, '2020-05-19 05:20:42', '2020-05-19 05:20:42'),
(160040006, 'CSE 4108', 1, 4, 4, 6, 6, 30, 60, 15, 0, 0, '2020-05-19 05:20:42', '2020-05-19 05:20:42'),
(160040006, 'Hum 4142', 1, 5, 5, 5, 5, 22, 48, 10, 0, 0, '2020-05-19 05:20:42', '2020-05-19 05:20:42'),
(160040006, 'Hum 4145', 1, 7, 7, 9, 9, 40, 59, 20, 0, 0, '2020-05-19 05:20:43', '2020-05-19 05:20:43'),
(160040006, 'Hum 4147', 1, 12, 8, 8, 11, 50, 100, 30, 0, 0, '2020-05-19 05:20:43', '2020-05-19 05:20:43'),
(160040006, 'Math 4141', 1, 13, 15, 17, 15, 88, 150, 40, 0, 0, '2020-05-19 05:20:43', '2020-05-19 05:20:43'),
(160040006, 'Phy 4141', 1, 10, 11, 13, 12, 54, 122, 30, 0, 0, '2020-05-19 05:20:43', '2020-05-19 05:20:43'),
(160040006, 'Phy 4142', 1, 2, 1, 3, 3, 13, 34, 7, 0, 0, '2020-05-19 05:20:43', '2020-05-19 05:20:43'),
(160040007, 'CSE 4104', 1, 2, 1.5, 2, 2, 13, 37, 7, 0, 0, '2020-05-22 06:05:56', '2020-05-22 06:05:56'),
(160040007, 'CSE 4105', 1, 7, 8, 8, 13, 57, 123, 30, 0, 0, '2020-05-22 06:05:56', '2020-05-22 06:05:56'),
(160040007, 'CSE 4107', 1, 11, 8, 9, 8, 49, 100, 30, 0, 0, '2020-05-22 06:05:56', '2020-05-22 06:05:56'),
(160040007, 'CSE 4108', 1, 4, 4, 5, 3, 30, 50, 15, 0, 0, '2020-05-22 06:05:56', '2020-05-22 06:05:56'),
(160040007, 'Hum 4142', 1, 4, 4, 5, 5, 25, 45, 10, 0, 0, '2020-05-22 06:05:56', '2020-05-22 06:05:56'),
(160040007, 'Hum 4145', 1, 10, 10, 10, 10, 45, 89, 20, 0, 0, '2020-05-22 06:05:56', '2020-05-22 06:05:56'),
(160040007, 'Hum 4147', 1, 12, 12, 7, 8, 45, 89, 30, 0, 0, '2020-05-22 06:05:56', '2020-05-22 06:05:56'),
(160040007, 'Math 4141', 1, 11, 12, 14, 13, 88, 165, 40, 0, 0, '2020-05-22 06:05:56', '2020-05-22 06:05:56'),
(160040007, 'Phy 4141', 1, 12, 6, 7, 8, 55, 121, 30, 0, 0, '2020-05-22 06:05:57', '2020-05-22 06:05:57'),
(160040007, 'Phy 4142', 1, 3, 3, 3, 3, 16, 32, 7, 0, 0, '2020-05-22 06:05:57', '2020-05-22 06:05:57'),
(16004003, 'Chem 4241', 2, 11, 11, 11, 11, 67, 123, 30, 0, 0, '2020-12-28 08:29:47', '2020-12-28 08:29:47'),
(16004003, 'Chem 4242', 2, 3, 3, 3, 3, 12, 32, 7, 0, 0, '2020-12-28 08:29:47', '2020-12-28 08:29:47'),
(16004003, 'CSE 4202', 2, 7, 7, 7, 6, 30, 70, 15, 0, 0, '2020-12-28 08:29:48', '2020-12-28 08:29:48'),
(16004003, 'CSE 4203', 2, 15, 15, 15, 15, 55, 123, 30, 0, 0, '2020-12-28 08:29:48', '2020-12-28 08:29:48'),
(16004003, 'CSE 4205', 2, 14, 13, 12, 15, 70, 138, 30, 0, 0, '2020-12-28 08:29:48', '2020-12-28 08:29:48'),
(16004003, 'CSE 4206', 2, 3, 3, 3, 3, 17, 35, 7, 0, 0, '2020-12-28 08:29:48', '2020-12-28 08:29:48'),
(16004003, 'Hum 4241', 2, 9, 9, 9, 9, 44, 99, 20, 0, 0, '2020-12-28 08:29:48', '2020-12-28 08:29:48'),
(16004003, 'Hum 4244', 2, 5, 5, 5, 5, 25, 45, 10, 0, 0, '2020-12-28 08:29:48', '2020-12-28 08:29:48'),
(16004003, 'Math 4241', 2, 20, 20, 20, 0, 88, 178, 40, 0, 0, '2020-12-28 08:29:48', '2020-12-28 08:29:48'),
(16004003, 'Phy 4241', 2, 11, 12, 12, 14, 67, 132, 30, 0, 0, '2020-12-28 08:29:48', '2020-12-28 08:29:48'),
(16004003, 'Phy 4242', 2, 2, 2, 2, 2, 12, 33, 7, 0, 0, '2020-12-28 08:29:48', '2020-12-28 08:29:48'),
(160040001, 'Chem 4241', 2, 12, 12, 12, 12, 66, 111, 30, 0, 0, '2020-12-28 08:30:52', '2020-12-28 08:30:52'),
(160040001, 'Chem 4242', 2, 3, 3, 3, 3, 12, 23, 7, 0, 0, '2020-12-28 08:30:53', '2020-12-28 08:30:53'),
(160040001, 'CSE 4202', 2, 5, 6, 7, 7, 32, 68, 15, 0, 0, '2020-12-28 08:30:53', '2020-12-28 08:30:53'),
(160040001, 'CSE 4203', 2, 11, 11, 11, 11, 66, 124, 30, 0, 0, '2020-12-28 08:30:53', '2020-12-28 08:30:53'),
(160040001, 'CSE 4205', 2, 12, 11, 11, 10, 56, 134, 30, 0, 0, '2020-12-28 08:30:53', '2020-12-28 08:30:53'),
(160040001, 'CSE 4206', 2, 2, 2, 2, 2, 17, 34, 7, 0, 0, '2020-12-28 08:30:53', '2020-12-28 08:30:53'),
(160040001, 'Hum 4241', 2, 9, 9, 9, 9, 44, 99, 20, 0, 0, '2020-12-28 08:30:53', '2020-12-28 08:30:53'),
(160040001, 'Hum 4244', 2, 5, 5, 5, 5, 23, 41, 10, 0, 0, '2020-12-28 08:30:53', '2020-12-28 08:30:53'),
(160040001, 'Math 4241', 2, 18, 18, 13, 16, 89, 179, 40, 0, 0, '2020-12-28 08:30:54', '2020-12-28 08:30:54'),
(160040001, 'Phy 4241', 2, 11, 12, 11, 6, 66, 122, 30, 0, 0, '2020-12-28 08:30:54', '2020-12-28 08:30:54'),
(160040001, 'Phy 4242', 2, 2, 2, 3, 3, 11, 34, 7, 0, 0, '2020-12-28 08:30:54', '2020-12-28 08:30:54'),
(160040002, 'Chem 4241', 2, 13, 12, 11, 13, 55, 123, 30, 0, 0, '2020-12-28 09:04:00', '2020-12-28 09:04:00'),
(160040002, 'Chem 4242', 2, 3, 3, 3, 3, 13, 23, 7, 0, 0, '2020-12-28 09:04:00', '2020-12-28 09:04:00'),
(160040002, 'CSE 4202', 2, 7, 7, 7, 7, 36, 74, 15, 0, 0, '2020-12-28 09:04:00', '2020-12-28 09:04:00'),
(160040002, 'CSE 4203', 2, 15, 15, 15, 15, 74, 143, 30, 0, 0, '2020-12-28 09:04:01', '2020-12-28 09:04:01'),
(160040002, 'CSE 4205', 2, 8, 9, 12, 15, 58, 144, 30, 0, 0, '2020-12-28 09:04:01', '2020-12-28 09:04:01'),
(160040002, 'CSE 4206', 2, 2, 2, 2, 2, 18, 35, 7, 0, 0, '2020-12-28 09:04:01', '2020-12-28 09:04:01'),
(160040002, 'Hum 4241', 2, 9, 9, 9, 9, 44, 99, 20, 0, 0, '2020-12-28 09:04:01', '2020-12-28 09:04:01'),
(160040002, 'Hum 4242', 2, 5, 5, 5, 5, 23, 45, 10, 0, 0, '2020-12-28 09:04:01', '2020-12-28 09:04:01'),
(160040002, 'Math 4241', 2, 20, 20, 20, 20, 90, 180, 40, 0, 0, '2020-12-28 09:04:01', '2020-12-28 09:04:01'),
(160040002, 'Phy 4241', 2, 14, 15, 11, 12, 65, 154, 30, 0, 0, '2020-12-28 09:04:01', '2020-12-28 09:04:01'),
(160040002, 'Phy 4242', 2, 3, 3, 3, 3, 12, 32, 7, 0, 0, '2020-12-28 09:04:01', '2020-12-28 09:04:01'),
(160040004, 'Chem 4241', 2, 12, 12, 12, 12, 56, 145, 30, 0, 0, '2020-12-28 09:04:51', '2020-12-28 09:04:51'),
(160040004, 'Chem 4242', 2, 3, 3, 3, 3, 11, 25, 7, 0, 0, '2020-12-28 09:04:51', '2020-12-28 09:04:51'),
(160040004, 'CSE 4202', 2, 7, 6, 6, 6, 34, 73, 15, 0, 0, '2020-12-28 09:04:51', '2020-12-28 09:04:51'),
(160040004, 'CSE 4203', 2, 12, 12, 12, 12, 57, 141, 30, 0, 0, '2020-12-28 09:04:51', '2020-12-28 09:04:51'),
(160040004, 'CSE 4205', 2, 9, 9, 9, 15, 67, 122, 30, 0, 0, '2020-12-28 09:04:52', '2020-12-28 09:04:52'),
(160040004, 'CSE 4206', 2, 3, 3, 3, 3, 17, 32, 7, 0, 0, '2020-12-28 09:04:52', '2020-12-28 09:04:52'),
(160040004, 'Hum 4241', 2, 9, 9, 9, 9, 44, 99, 20, 0, 0, '2020-12-28 09:04:52', '2020-12-28 09:04:52'),
(160040004, 'Hum 4244', 2, 5, 5, 5, 5, 22, 44, 10, 0, 0, '2020-12-28 09:04:52', '2020-12-28 09:04:52'),
(160040004, 'Math 4241', 2, 20, 20, 20, 18, 99, 190, 40, 0, 0, '2020-12-28 09:04:52', '2020-12-28 09:04:52'),
(160040004, 'Phy 4241', 2, 12, 12, 12, 12, 57, 134, 30, 0, 0, '2020-12-28 09:04:52', '2020-12-28 09:04:52'),
(160040004, 'Phy 4242', 2, 3, 3, 3, 3, 13, 33, 7, 0, 0, '2020-12-28 09:04:52', '2020-12-28 09:04:52'),
(160040005, 'Chem 4241', 2, 12.99, 9, 6, 12, 54, 144, 30, 0, 0, '2020-12-28 09:05:21', '2020-12-28 09:05:21'),
(160040005, 'Chem 4242', 2, 3, 3, 3, 3, 12, 33, 7, 0, 0, '2020-12-28 09:05:21', '2020-12-28 09:05:21'),
(160040005, 'CSE 4202', 2, 7, 7, 5, 5, 27, 50, 15, 0, 0, '2020-12-28 09:05:21', '2020-12-28 09:05:21'),
(160040005, 'CSE 4203', 2, 15, 15, 15, 15, 67, 141, 30, 0, 0, '2020-12-28 09:05:22', '2020-12-28 09:05:22'),
(160040005, 'CSE 4205', 2, 6, 9, 15, 14, 53, 133, 15, 0, 0, '2020-12-28 09:05:22', '2020-12-28 09:05:22'),
(160040005, 'CSE 4206', 2, 3, 3, 3, 3, 18, 31, 7, 0, 0, '2020-12-28 09:05:22', '2020-12-28 09:05:22'),
(160040005, 'Hum 4241', 2, 9, 9, 9, 9, 44, 99, 20, 0, 0, '2020-12-28 09:05:22', '2020-12-28 09:05:22'),
(160040005, 'Hum 4242', 2, 5, 5, 4, 4, 24, 44, 10, 0, 0, '2020-12-28 09:05:22', '2020-12-28 09:05:22'),
(160040005, 'Math 4241', 2, 11, 12, 18, 19, 86, 173, 40, 0, 0, '2020-12-28 09:05:22', '2020-12-28 09:05:22'),
(160040005, 'Phy 4241', 2, 12, 12, 13, 14, 59, 122, 30, 0, 0, '2020-12-28 09:05:22', '2020-12-28 09:05:22'),
(160040005, 'Phy 4242', 2, 2, 2, 3, 3, 12, 32, 7, 0, 0, '2020-12-28 09:05:22', '2020-12-28 09:05:22'),
(160040006, 'Chem 4241', 2, 11, 11, 6, 7, 70, 134, 30, 0, 0, '2020-12-28 09:05:52', '2020-12-28 09:05:52'),
(160040006, 'Chem 4242', 2, 3, 3, 3, 3, 12, 32, 7, 0, 0, '2020-12-28 09:05:52', '2020-12-28 09:05:52'),
(160040006, 'CSE 4202', 2, 5, 5, 6, 6, 25, 60, 15, 0, 0, '2020-12-28 09:05:52', '2020-12-28 09:05:52'),
(160040006, 'CSE 4203', 2, 11, 11, 11, 11, 69, 140, 30, 0, 0, '2020-12-28 09:05:52', '2020-12-28 09:05:52'),
(160040006, 'CSE 4205', 2, 14, 14, 13, 0, 73, 140, 30, 0, 0, '2020-12-28 09:05:52', '2020-12-28 09:05:52'),
(160040006, 'CSE 4206', 2, 3, 3, 3, 3, 17, 30, 7, 0, 0, '2020-12-28 09:05:52', '2020-12-28 09:05:52'),
(160040006, 'Hum 4241', 2, 9, 9, 9, 9, 44, 99, 20, 0, 0, '2020-12-28 09:05:53', '2020-12-28 09:05:53'),
(160040006, 'Hum 4242', 2, 4, 4, 4, 5, 25, 46, 10, 0, 0, '2020-12-28 09:05:53', '2020-12-28 09:05:53'),
(160040006, 'Math 4241', 2, 13, 18, 15, 12, 80, 190, 40, 0, 0, '2020-12-28 09:05:53', '2020-12-28 09:05:53'),
(160040006, 'Phy 4241', 2, 11, 11, 11, 11, 69, 142, 30, 0, 0, '2020-12-28 09:05:53', '2020-12-28 09:05:53'),
(160040006, 'Phy 4242', 2, 2, 2, 2, 3, 11, 35, 7, 0, 0, '2020-12-28 09:05:53', '2020-12-28 09:05:53'),
(160040007, 'Chem 4241', 2, 11, 11, 9, 9, 54, 111, 30, 0, 0, '2020-12-30 20:03:58', '2020-12-30 20:03:58'),
(160040007, 'Chem 4242', 2, 3, 3, 3, 3, 11, 30, 7, 0, 0, '2020-12-30 20:03:58', '2020-12-30 20:03:58'),
(160040007, 'CSE 4202', 2, 7, 7, 4, 4, 27, 50, 15, 0, 0, '2020-12-30 20:03:58', '2020-12-30 20:03:58'),
(160040007, 'CSE 4203', 2, 11, 11, 11, 11, 33, 123, 30, 0, 0, '2020-12-30 20:03:58', '2020-12-30 20:03:58'),
(160040007, 'CSE 4205', 2, 12, 11, 11, 13, 56, 111, 30, 0, 0, '2020-12-30 20:03:58', '2020-12-30 20:03:58'),
(160040007, 'CSE 4206', 2, 3, 3, 3, 3, 15, 34, 7, 0, 0, '2020-12-30 20:03:59', '2020-12-30 20:03:59'),
(160040007, 'Hum 4241', 2, 9, 9, 9, 9, 44, 70, 20, 0, 0, '2020-12-30 20:03:59', '2020-12-30 20:03:59'),
(160040007, 'Hum 4244', 2, 5, 5, 5, 5, 13, 33, 10, 0, 0, '2020-12-30 20:03:59', '2020-12-30 20:03:59'),
(160040007, 'Math 4241', 2, 12, 12, 12, 11, 88, 167, 40, 0, 0, '2020-12-30 20:03:59', '2020-12-30 20:03:59'),
(160040007, 'Phy 4241', 2, 11, 11, 11, 11, 45, 123, 30, 0, 0, '2020-12-30 20:03:59', '2020-12-30 20:03:59'),
(160040007, 'Phy 4242', 2, 3, 2, 2, 2, 12, 25, 7, 0, 0, '2020-12-30 20:03:59', '2020-12-30 20:03:59'),
(170040001, 'CSE 4104', 1, NULL, NULL, NULL, NULL, NULL, NULL, NULL, 0, 0, '2020-12-31 04:41:24', '2020-12-31 04:41:24'),
(170040001, 'CSE 4105', 1, NULL, NULL, NULL, NULL, NULL, NULL, NULL, 0, 0, '2020-12-31 04:41:24', '2020-12-31 04:41:24'),
(170040001, 'CSE 4107', 1, NULL, NULL, NULL, NULL, NULL, NULL, NULL, 0, 0, '2020-12-31 04:41:24', '2020-12-31 04:41:24'),
(170040001, 'CSE 4108', 1, NULL, NULL, NULL, NULL, NULL, NULL, NULL, 0, 0, '2020-12-31 04:41:24', '2020-12-31 04:41:24'),
(170040001, 'Hum 4142', 1, NULL, NULL, NULL, NULL, NULL, NULL, NULL, 0, 0, '2020-12-31 04:41:25', '2020-12-31 04:41:25'),
(170040001, 'Hum 4145', 1, NULL, NULL, NULL, NULL, NULL, NULL, NULL, 0, 0, '2020-12-31 04:41:25', '2020-12-31 04:41:25'),
(170040001, 'Hum 4147', 1, NULL, NULL, NULL, NULL, NULL, NULL, NULL, 0, 0, '2020-12-31 04:41:25', '2020-12-31 04:41:25'),
(170040001, 'Math 4141', 1, NULL, NULL, NULL, NULL, NULL, NULL, NULL, 0, 0, '2020-12-31 04:41:25', '2020-12-31 04:41:25'),
(170040001, 'Phy 4141', 1, NULL, NULL, NULL, NULL, NULL, NULL, NULL, 0, 0, '2020-12-31 04:41:25', '2020-12-31 04:41:25'),
(170040001, 'Phy 4142', 1, NULL, NULL, NULL, NULL, NULL, NULL, NULL, 0, 0, '2020-12-31 04:41:25', '2020-12-31 04:41:25'),
(170040002, 'CSE 4104', 1, NULL, NULL, NULL, NULL, NULL, NULL, NULL, 0, 0, '2020-12-31 04:43:05', '2020-12-31 04:43:05'),
(170040002, 'CSE 4105', 1, NULL, NULL, NULL, NULL, NULL, NULL, NULL, 0, 0, '2020-12-31 04:43:05', '2020-12-31 04:43:05'),
(170040002, 'CSE 4107', 1, NULL, NULL, NULL, NULL, NULL, NULL, NULL, 0, 0, '2020-12-31 04:43:05', '2020-12-31 04:43:05'),
(170040002, 'CSE 4108', 1, NULL, NULL, NULL, NULL, NULL, NULL, NULL, 0, 0, '2020-12-31 04:43:05', '2020-12-31 04:43:05'),
(170040002, 'Hum 4144', 1, NULL, NULL, NULL, NULL, NULL, NULL, NULL, 0, 0, '2020-12-31 04:43:05', '2020-12-31 04:43:05'),
(170040002, 'Hum 4145', 1, NULL, NULL, NULL, NULL, NULL, NULL, NULL, 0, 0, '2020-12-31 04:43:05', '2020-12-31 04:43:05'),
(170040002, 'Hum 4147', 1, NULL, NULL, NULL, NULL, NULL, NULL, NULL, 0, 0, '2020-12-31 04:43:05', '2020-12-31 04:43:05'),
(170040002, 'Math 4141', 1, NULL, NULL, NULL, NULL, NULL, NULL, NULL, 0, 0, '2020-12-31 04:43:05', '2020-12-31 04:43:05'),
(170040002, 'Phy 4141', 1, NULL, NULL, NULL, NULL, NULL, NULL, NULL, 0, 0, '2020-12-31 04:43:06', '2020-12-31 04:43:06'),
(170040002, 'Phy 4142', 1, NULL, NULL, NULL, NULL, NULL, NULL, NULL, 0, 0, '2020-12-31 04:43:06', '2020-12-31 04:43:06'),
(170040003, 'CSE 4104', 1, NULL, NULL, NULL, NULL, NULL, NULL, NULL, 0, 0, '2020-12-31 04:44:02', '2020-12-31 04:44:02'),
(170040003, 'CSE 4105', 1, NULL, NULL, NULL, NULL, NULL, NULL, NULL, 0, 0, '2020-12-31 04:44:03', '2020-12-31 04:44:03'),
(170040003, 'CSE 4107', 1, NULL, NULL, NULL, NULL, NULL, NULL, NULL, 0, 0, '2020-12-31 04:44:03', '2020-12-31 04:44:03'),
(170040003, 'CSE 4108', 1, NULL, NULL, NULL, NULL, NULL, NULL, NULL, 0, 0, '2020-12-31 04:44:03', '2020-12-31 04:44:03'),
(170040003, 'Hum 4142', 1, NULL, NULL, NULL, NULL, NULL, NULL, NULL, 0, 0, '2020-12-31 04:44:03', '2020-12-31 04:44:03'),
(170040003, 'Hum 4145', 1, NULL, NULL, NULL, NULL, NULL, NULL, NULL, 0, 0, '2020-12-31 04:44:03', '2020-12-31 04:44:03'),
(170040003, 'Hum 4147', 1, NULL, NULL, NULL, NULL, NULL, NULL, NULL, 0, 0, '2020-12-31 04:44:03', '2020-12-31 04:44:03'),
(170040003, 'Math 4141', 1, NULL, NULL, NULL, NULL, NULL, NULL, NULL, 0, 0, '2020-12-31 04:44:03', '2020-12-31 04:44:03'),
(170040003, 'Phy 4141', 1, NULL, NULL, NULL, NULL, NULL, NULL, NULL, 0, 0, '2020-12-31 04:44:03', '2020-12-31 04:44:03'),
(170040003, 'Phy 4142', 1, NULL, NULL, NULL, NULL, NULL, NULL, NULL, 0, 0, '2020-12-31 04:44:03', '2020-12-31 04:44:03');

-- --------------------------------------------------------

--
-- Table structure for table `failed_jobs`
--

CREATE TABLE `failed_jobs` (
  `id` bigint(20) UNSIGNED NOT NULL,
  `connection` text COLLATE utf8mb4_unicode_ci NOT NULL,
  `queue` text COLLATE utf8mb4_unicode_ci NOT NULL,
  `payload` longtext COLLATE utf8mb4_unicode_ci NOT NULL,
  `exception` longtext COLLATE utf8mb4_unicode_ci NOT NULL,
  `failed_at` timestamp NOT NULL DEFAULT current_timestamp()
) ENGINE=InnoDB DEFAULT CHARSET=utf8mb4 COLLATE=utf8mb4_unicode_ci;

-- --------------------------------------------------------

--
-- Table structure for table `grades`
--

CREATE TABLE `grades` (
  `course_fk_grade` varchar(10) NOT NULL,
  `student_fk_grade` bigint(20) NOT NULL,
  `grade_store` varchar(5) DEFAULT NULL,
  `grade_sem` int(11) NOT NULL,
  `credit` double NOT NULL
) ENGINE=InnoDB DEFAULT CHARSET=utf8mb4;

--
-- Dumping data for table `grades`
--

INSERT INTO `grades` (`course_fk_grade`, `student_fk_grade`, `grade_store`, `grade_sem`, `credit`) VALUES
('CSE 4104', 160040001, 'A+', 1, 0.75),
('CSE 4105', 160040001, 'A+', 1, 3),
('CSE 4107', 160040001, 'A+', 1, 3),
('CSE 4108', 160040001, 'A', 1, 1.5),
('Hum 4144', 160040001, 'A+', 1, 1),
('Hum 4145', 160040001, 'A+', 1, 2),
('Hum 4147', 160040001, 'A+', 1, 3),
('Math 4141', 160040001, 'A-', 1, 4),
('Phy 4141', 160040001, 'A+', 1, 3),
('Phy 4142', 160040001, 'A+', 1, 0.75),
('CSE 4104', 160040002, 'A+', 1, 0.75),
('CSE 4105', 160040002, 'A+', 1, 3),
('CSE 4107', 160040002, 'A+', 1, 3),
('CSE 4108', 160040002, 'A+', 1, 1.5),
('Hum 4144', 160040002, 'A+', 1, 1),
('Hum 4145', 160040002, 'A+', 1, 2),
('Hum 4147', 160040002, 'A+', 1, 3),
('Math 4141', 160040002, 'A+', 1, 4),
('Phy 4141', 160040002, 'A+', 1, 3),
('Phy 4142', 160040002, 'A+', 1, 0.75),
('CSE 4104', 16004003, 'B+', 1, 0.75),
('CSE 4105', 16004003, 'A+', 1, 3),
('CSE 4107', 16004003, 'A+', 1, 3),
('CSE 4108', 16004003, 'A', 1, 1.5),
('Hum 4142', 16004003, 'A+', 1, 1),
('Hum 4145', 16004003, 'A', 1, 2),
('Hum 4147', 16004003, 'A', 1, 3),
('Math 4141', 16004003, 'A+', 1, 4),
('Phy 4141', 16004003, 'A+', 1, 3),
('Phy 4142', 16004003, 'A+', 1, 0.75),
('CSE 4104', 160040004, 'A+', 1, 0.75),
('CSE 4105', 160040004, 'A+', 1, 3),
('CSE 4107', 160040004, 'A+', 1, 3),
('CSE 4108', 160040004, 'A+', 1, 1.5),
('Hum 4144', 160040004, 'A+', 1, 1),
('Hum 4145', 160040004, 'A+', 1, 2),
('Hum 4147', 160040004, 'A+', 1, 3),
('Math 4141', 160040004, 'A+', 1, 4),
('Phy 4141', 160040004, 'A+', 1, 3),
('Phy 4142', 160040004, 'A+', 1, 0.75),
('CSE 4104', 160040005, 'A+', 1, 0.75),
('CSE 4105', 160040005, 'A+', 1, 3),
('CSE 4107', 160040005, 'A+', 1, 3),
('CSE 4108', 160040005, 'A+', 1, 1.5),
('Hum 4144', 160040005, 'A', 1, 1),
('Hum 4145', 160040005, 'A+', 1, 2),
('Hum 4147', 160040005, 'A+', 1, 3),
('Math 4141', 160040005, 'A+', 1, 4),
('Phy 4141', 160040005, 'A+', 1, 3),
('Phy 4142', 160040005, 'A+', 1, 0.75),
('CSE 4104', 160040006, 'A', 1, 0.75),
('CSE 4105', 160040006, 'B+', 1, 3),
('CSE 4107', 160040006, 'A-', 1, 3),
('CSE 4108', 160040006, 'A+', 1, 1.5),
('Hum 4142', 160040006, 'A+', 1, 1),
('Hum 4145', 160040006, 'A-', 1, 2),
('Hum 4147', 160040006, 'A-', 1, 3),
('Math 4141', 160040006, 'A+', 1, 4),
('Phy 4141', 160040006, 'A+', 1, 3),
('Phy 4142', 160040006, 'A+', 1, 0.75),
('CSE 4104', 160040007, 'A+', 1, 0.75),
('CSE 4105', 160040007, 'A', 1, 3),
('CSE 4107', 160040007, 'B+', 1, 3),
('CSE 4108', 160040007, 'A-', 1, 1.5),
('Hum 4142', 160040007, 'A+', 1, 1),
('Hum 4145', 160040007, 'A+', 1, 2),
('Hum 4147', 160040007, 'B+', 1, 3),
('Math 4141', 160040007, 'A+', 1, 4),
('Phy 4141', 160040007, 'A', 1, 3),
('Phy 4142', 160040007, 'A+', 1, 0.75),
('Chem 4241', 160040007, 'A', 2, 3),
('Chem 4242', 160040007, 'A', 2, 0.75),
('CSE 4202', 160040007, 'A-', 2, 1.5),
('CSE 4203', 160040007, 'A-', 2, 3),
('CSE 4205', 160040007, 'A', 2, 3),
('CSE 4206', 160040007, 'A+', 2, 0.75),
('Hum 4241', 160040007, 'A+', 2, 2),
('Hum 4244', 160040007, 'A-', 2, 1),
('Math 4241', 160040007, 'A+', 2, 4),
('Phy 4241', 160040007, 'A', 2, 3),
('Phy 4242', 160040007, 'B+', 2, 0.75),
('Chem 4241', 16004003, 'A-', 2, 3),
('Chem 4241', 160040001, 'A', 2, 3),
('Chem 4241', 160040002, 'A', 2, 3),
('Chem 4241', 160040004, 'A+', 2, 3),
('Chem 4241', 160040005, 'A+', 2, 3),
('Chem 4241', 160040006, 'A-', 2, 3),
('Chem 4242', 16004003, 'A-', 2, 0.75),
('Chem 4242', 160040001, 'A-', 2, 0.75),
('Chem 4242', 160040002, 'A', 2, 0.75),
('Chem 4242', 160040004, 'A', 2, 0.75),
('Chem 4242', 160040005, 'A', 2, 0.75),
('Chem 4242', 160040006, 'A', 2, 0.75),
('CSE 4202', 16004003, 'A', 2, 1.5),
('CSE 4202', 160040001, 'A+', 2, 1.5),
('CSE 4202', 160040002, 'A', 2, 1.5),
('CSE 4202', 160040004, 'A-', 2, 1.5),
('CSE 4202', 160040005, 'A', 2, 1.5),
('CSE 4202', 160040006, 'A+', 2, 1.5),
('CSE 4203', 16004003, 'A', 2, 3),
('CSE 4203', 160040001, 'A+', 2, 3),
('CSE 4203', 160040002, 'A', 2, 3),
('CSE 4203', 160040004, 'A-', 2, 3),
('CSE 4203', 160040005, 'A', 2, 3),
('CSE 4203', 160040006, 'A+', 2, 3),
('CSE 4205', 16004003, 'A', 2, 3),
('CSE 4205', 160040001, 'A+', 2, 3),
('CSE 4205', 160040002, 'A', 2, 3),
('CSE 4205', 160040004, 'A-', 2, 3),
('CSE 4205', 160040005, 'A', 2, 3),
('CSE 4205', 160040006, 'A+', 2, 3),
('CSE 4206', 16004003, 'A', 2, 0.75),
('CSE 4206', 160040001, 'A+', 2, 0.75),
('CSE 4206', 160040002, 'A', 2, 0.75),
('CSE 4206', 160040004, 'A-', 2, 0.75),
('CSE 4206', 160040005, 'A', 2, 0.75),
('CSE 4206', 160040006, 'A+', 2, 0.75),
('Hum 4241', 16004003, 'A', 2, 2),
('Hum 4241', 160040001, 'A+', 2, 2),
('Hum 4241', 160040002, 'A', 2, 2),
('Hum 4241', 160040004, 'A-', 2, 2),
('Hum 4241', 160040005, 'A', 2, 2),
('Hum 4241', 160040006, 'A+', 2, 2),
('Math 4241', 16004003, 'A-', 2, 4),
('Math 4241', 160040001, 'A+', 2, 4),
('Math 4241', 160040002, 'A+', 2, 4),
('Math 4241', 160040004, 'A', 2, 4),
('Math 4241', 160040005, 'A+', 2, 4),
('Math 4241', 160040006, 'A', 2, 4),
('Phy 4241', 16004003, 'A-', 2, 3),
('Phy 4241', 160040001, 'A+', 2, 3),
('Phy 4241', 160040002, 'A+', 2, 3),
('Phy 4241', 160040004, 'A', 2, 3),
('Phy 4241', 160040005, 'A+', 2, 3),
('Phy 4241', 160040006, 'A', 2, 3),
('Phy 4242', 16004003, 'A-', 2, 0.75),
('Phy 4242', 160040001, 'A+', 2, 0.75),
('Phy 4242', 160040002, 'A+', 2, 0.75),
('Phy 4242', 160040004, 'A', 2, 0.75),
('Phy 4242', 160040005, 'A+', 2, 0.75),
('Phy 4242', 160040006, 'A', 2, 0.75),
('Hum 4244', 16004003, 'A-', 2, 1),
('Hum 4244', 160040001, 'A+', 2, 1),
('Hum 4242', 160040002, 'A+', 2, 1),
('Hum 4244', 160040004, 'A', 2, 1),
('Hum 4242', 160040005, 'A+', 2, 1),
('Hum 4242', 160040006, 'A', 2, 1),
('CSE 4104', 170040001, NULL, 1, 0.75),
('CSE 4105', 170040001, NULL, 1, 3),
('CSE 4107', 170040001, NULL, 1, 3),
('CSE 4108', 170040001, NULL, 1, 1.5),
('Hum 4142', 170040001, NULL, 1, 1),
('Hum 4145', 170040001, NULL, 1, 2),
('Hum 4147', 170040001, NULL, 1, 3),
('Math 4141', 170040001, NULL, 1, 4),
('Phy 4141', 170040001, NULL, 1, 3),
('Phy 4142', 170040001, NULL, 1, 0.75),
('CSE 4104', 170040002, NULL, 1, 0.75),
('CSE 4105', 170040002, NULL, 1, 3),
('CSE 4107', 170040002, NULL, 1, 3),
('CSE 4108', 170040002, NULL, 1, 1.5),
('Hum 4144', 170040002, NULL, 1, 1),
('Hum 4145', 170040002, NULL, 1, 2),
('Hum 4147', 170040002, NULL, 1, 3),
('Math 4141', 170040002, NULL, 1, 4),
('Phy 4141', 170040002, NULL, 1, 3),
('Phy 4142', 170040002, NULL, 1, 0.75),
('CSE 4104', 170040003, NULL, 1, 0.75),
('CSE 4105', 170040003, NULL, 1, 3),
('CSE 4107', 170040003, NULL, 1, 3),
('CSE 4108', 170040003, NULL, 1, 1.5),
('Hum 4142', 170040003, NULL, 1, 1),
('Hum 4145', 170040003, NULL, 1, 2),
('Hum 4147', 170040003, NULL, 1, 3),
('Math 4141', 170040003, NULL, 1, 4),
('Phy 4141', 170040003, NULL, 1, 3),
('Phy 4142', 170040003, NULL, 1, 0.75);

-- --------------------------------------------------------

--
-- Table structure for table `materials`
--

CREATE TABLE `materials` (
  `course_fk_material` varchar(10) NOT NULL,
  `lecture` varchar(50) NOT NULL,
  `comment` text NOT NULL,
  `filename` text NOT NULL,
  `updated_at` timestamp NOT NULL DEFAULT current_timestamp(),
  `created_at` timestamp NOT NULL DEFAULT current_timestamp()
) ENGINE=InnoDB DEFAULT CHARSET=utf8mb4;

--
-- Dumping data for table `materials`
--

INSERT INTO `materials` (`course_fk_material`, `lecture`, `comment`, `filename`, `updated_at`, `created_at`) VALUES
('CSE 4104', 'Lab 1', 'lab1', 'Lab 1.pdf', '2020-05-30 02:13:45', '2020-05-30 02:13:45'),
('Math 4141', 'chap1', 'some formulers', 'fd_4_1.jpg', '2020-05-30 02:54:01', '2020-05-30 02:54:01'),
('CSE 4105', 'chap1', 'keyboard', '5934963-future-time-concept-with-key-on-computer-keyboard-Stock-Photo.jpg', '2020-05-30 02:58:49', '2020-05-30 02:58:49'),
('CSE 4105', 'chap1', 'assignment1', 'assign cse 4105 edit text.txt', '2020-05-30 02:59:47', '2020-05-30 02:59:47'),
('CSE 4105', 'chap1', 'assignment2', 'assign cse 4105.docx', '2020-05-30 03:00:02', '2020-05-30 03:00:02');

-- --------------------------------------------------------

--
-- Table structure for table `messages`
--

CREATE TABLE `messages` (
  `message_id` bigint(20) NOT NULL,
  `course_fk_message` varchar(10) NOT NULL,
  `title` text NOT NULL,
  `content` text NOT NULL,
  `person_message` varchar(50) NOT NULL,
  `updated_at` timestamp NOT NULL DEFAULT current_timestamp(),
  `created_at` timestamp NOT NULL DEFAULT current_timestamp()
) ENGINE=InnoDB DEFAULT CHARSET=utf8mb4;

--
-- Dumping data for table `messages`
--

INSERT INTO `messages` (`message_id`, `course_fk_message`, `title`, `content`, `person_message`, `updated_at`, `created_at`) VALUES
(5, 'CSE 4107', 'C Programming', 'What is C Programming ?', 'Talha Ibn Aziz', '2021-01-06 07:52:17', '2021-01-06 07:52:17'),
(6, 'CSE 4107', 'Variable in C', 'What are the different types of variable in C ?', 'Talha Ibn Aziz', '2021-01-06 07:53:06', '2021-01-06 07:53:06'),
(7, 'Hum 4145', 'The 5 Pillars of Islam', 'What are the 5 Pillars of Islam ?', 'Mr. Hamisi Ramadhan Mubarak', '2021-01-06 07:54:03', '2021-01-06 07:54:03'),
(8, 'CSE 4107', 'Output in C', 'Hello,\r\nI would like to know how to write an output in C.\r\nCan someone help me ?', 'Abdul Hakim', '2021-01-06 10:03:47', '2021-01-06 10:03:47');

-- --------------------------------------------------------

--
-- Table structure for table `migrations`
--

CREATE TABLE `migrations` (
  `id` int(10) UNSIGNED NOT NULL,
  `migration` varchar(255) COLLATE utf8mb4_unicode_ci NOT NULL,
  `batch` int(11) NOT NULL
) ENGINE=InnoDB DEFAULT CHARSET=utf8mb4 COLLATE=utf8mb4_unicode_ci;

--
-- Dumping data for table `migrations`
--

INSERT INTO `migrations` (`id`, `migration`, `batch`) VALUES
(1, '2014_10_12_000000_create_users_table', 1),
(2, '2014_10_12_100000_create_password_resets_table', 1),
(3, '2019_08_19_000000_create_failed_jobs_table', 1);

-- --------------------------------------------------------

--
-- Table structure for table `notifications`
--

CREATE TABLE `notifications` (
  `notificarion_id` int(11) NOT NULL,
  `course_fk_notification` varchar(10) NOT NULL,
  `sender_id` bigint(20) NOT NULL,
  `receiver_id` bigint(20) NOT NULL,
  `content` text NOT NULL,
  `seen` int(11) NOT NULL,
  `updated_at` timestamp NOT NULL DEFAULT current_timestamp(),
  `created_at` timestamp NOT NULL DEFAULT current_timestamp()
) ENGINE=InnoDB DEFAULT CHARSET=utf8mb4;

--
-- Dumping data for table `notifications`
--

INSERT INTO `notifications` (`notificarion_id`, `course_fk_notification`, `sender_id`, `receiver_id`, `content`, `seen`, `updated_at`, `created_at`) VALUES
(4, 'CSE 4104', 160030001, 170040001, 'Hello,\r\nBe careful, you missed one lab last week.', 1, '2021-01-18 10:27:40', '2021-01-18 07:12:24'),
(6, 'Hum 4142', 160030008, 170040001, 'Hello my dear students, we will have our second quiz on next Tuesday.', 1, '2021-01-18 10:27:40', '2021-01-18 07:17:11'),
(7, 'Hum 4142', 160030008, 170040003, 'Hello my dear students, we will have our second quiz on next Tuesday.', 1, '2021-01-18 10:29:54', '2021-01-18 07:17:12');

-- --------------------------------------------------------

--
-- Table structure for table `password_resets`
--

CREATE TABLE `password_resets` (
  `email` varchar(255) COLLATE utf8mb4_unicode_ci NOT NULL,
  `token` varchar(255) COLLATE utf8mb4_unicode_ci NOT NULL,
  `created_at` timestamp NULL DEFAULT NULL
) ENGINE=InnoDB DEFAULT CHARSET=utf8mb4 COLLATE=utf8mb4_unicode_ci;

-- --------------------------------------------------------

--
-- Table structure for table `percentage_attendances`
--

CREATE TABLE `percentage_attendances` (
  `student_fk_percentage` bigint(20) NOT NULL,
  `course_fk_percentage` varchar(10) NOT NULL,
  `percentage` double NOT NULL,
  `semester` int(11) NOT NULL,
  `block_attendance` int(11) NOT NULL,
  `student_block` int(11) NOT NULL
) ENGINE=InnoDB DEFAULT CHARSET=utf8mb4;

--
-- Dumping data for table `percentage_attendances`
--

INSERT INTO `percentage_attendances` (`student_fk_percentage`, `course_fk_percentage`, `percentage`, `semester`, `block_attendance`, `student_block`) VALUES
(16004003, 'CSE 4104', 88.89, 1, 0, 0),
(160040001, 'CSE 4104', 88.89, 1, 0, 0),
(160040002, 'CSE 4104', 88.89, 1, 0, 0),
(160040004, 'CSE 4104', 100, 1, 0, 0),
(160040005, 'CSE 4104', 88.89, 1, 0, 0),
(160040006, 'CSE 4104', 100, 1, 0, 0),
(160040007, 'CSE 4104', 100, 1, 0, 0),
(16004003, 'CSE 4105', 83.33, 1, 0, 0),
(160040001, 'CSE 4105', 83.33, 1, 0, 0),
(160040002, 'CSE 4105', 83.33, 1, 0, 0),
(160040004, 'CSE 4105', 100, 1, 0, 0),
(160040005, 'CSE 4105', 83.33, 1, 0, 0),
(160040006, 'CSE 4105', 100, 1, 0, 0),
(160040007, 'CSE 4105', 100, 1, 0, 0),
(16004003, 'CSE 4107', 100, 1, 0, 0),
(160040001, 'CSE 4107', 100, 1, 0, 0),
(160040002, 'CSE 4107', 100, 1, 0, 0),
(160040004, 'CSE 4107', 100, 1, 0, 0),
(160040005, 'CSE 4107', 100, 1, 0, 0),
(160040006, 'CSE 4107', 100, 1, 0, 0),
(160040007, 'CSE 4107', 100, 1, 0, 0),
(16004003, 'CSE 4108', 80, 1, 0, 0),
(160040001, 'CSE 4108', 100, 1, 0, 0),
(160040002, 'CSE 4108', 80, 1, 0, 0),
(160040004, 'CSE 4108', 100, 1, 0, 0),
(160040005, 'CSE 4108', 100, 1, 0, 0),
(160040006, 'CSE 4108', 100, 1, 0, 0),
(160040007, 'CSE 4108', 100, 1, 0, 0),
(16004003, 'Hum 4142', 100, 1, 0, 0),
(160040001, 'Hum 4142', 0, 1, 0, 0),
(160040002, 'Hum 4142', 0, 1, 0, 0),
(160040004, 'Hum 4142', 0, 1, 0, 0),
(160040005, 'Hum 4142', 0, 1, 0, 0),
(160040006, 'Hum 4142', 100, 1, 0, 0),
(160040007, 'Hum 4142', 100, 1, 0, 0),
(16004003, 'Hum 4144', 0, 1, 0, 0),
(160040001, 'Hum 4144', 100, 1, 0, 0),
(160040002, 'Hum 4144', 100, 1, 0, 0),
(160040004, 'Hum 4144', 100, 1, 0, 0),
(160040005, 'Hum 4144', 100, 1, 0, 0),
(160040006, 'Hum 4144', 0, 1, 0, 0),
(160040007, 'Hum 4144', 0, 1, 0, 0),
(16004003, 'Hum 4145', 100, 1, 0, 0),
(160040001, 'Hum 4145', 100, 1, 0, 0),
(160040002, 'Hum 4145', 100, 1, 0, 0),
(160040004, 'Hum 4145', 100, 1, 0, 0),
(160040005, 'Hum 4145', 100, 1, 0, 0),
(160040006, 'Hum 4145', 100, 1, 0, 0),
(160040007, 'Hum 4145', 100, 1, 0, 0),
(16004003, 'Hum 4147', 100, 1, 0, 0),
(160040001, 'Hum 4147', 100, 1, 0, 0),
(160040002, 'Hum 4147', 100, 1, 0, 0),
(160040004, 'Hum 4147', 100, 1, 0, 0),
(160040005, 'Hum 4147', 100, 1, 0, 0),
(160040006, 'Hum 4147', 100, 1, 0, 0),
(160040007, 'Hum 4147', 100, 1, 0, 0),
(16004003, 'Math 4141', 100, 1, 0, 0),
(160040001, 'Math 4141', 100, 1, 0, 0),
(160040002, 'Math 4141', 100, 1, 0, 0),
(160040004, 'Math 4141', 100, 1, 0, 0),
(160040005, 'Math 4141', 100, 1, 0, 0),
(160040006, 'Math 4141', 100, 1, 0, 0),
(160040007, 'Math 4141', 100, 1, 0, 0),
(16004003, 'Phy 4141', 100, 1, 0, 0),
(160040001, 'Phy 4141', 100, 1, 0, 0),
(160040002, 'Phy 4141', 100, 1, 0, 0),
(160040004, 'Phy 4141', 100, 1, 0, 0),
(160040005, 'Phy 4141', 100, 1, 0, 0),
(160040006, 'Phy 4141', 100, 1, 0, 0),
(160040007, 'Phy 4141', 100, 1, 0, 0),
(16004003, 'Phy 4142', 100, 1, 0, 0),
(160040001, 'Phy 4142', 100, 1, 0, 0),
(160040002, 'Phy 4142', 100, 1, 0, 0),
(160040004, 'Phy 4142', 100, 1, 0, 0),
(160040005, 'Phy 4142', 100, 1, 0, 0),
(160040006, 'Phy 4142', 100, 1, 0, 0),
(160040007, 'Phy 4142', 100, 1, 0, 0),
(16004003, 'Chem 4241', 100, 2, 0, 0),
(160040001, 'Chem 4241', 100, 2, 0, 0),
(160040002, 'Chem 4241', 100, 2, 0, 0),
(160040004, 'Chem 4241', 100, 2, 0, 0),
(160040005, 'Chem 4241', 100, 2, 0, 0),
(160040006, 'Chem 4241', 100, 2, 0, 0),
(160040007, 'Chem 4241', 0, 1, 0, 0),
(16004003, 'CSE 4105', 83.33, 2, 0, 0),
(160040001, 'CSE 4105', 83.33, 2, 0, 0),
(160040002, 'CSE 4105', 83.33, 2, 0, 0),
(160040004, 'CSE 4105', 100, 2, 0, 0),
(160040005, 'CSE 4105', 83.33, 2, 0, 0),
(160040006, 'CSE 4105', 100, 2, 0, 0),
(16004003, 'Chem 4242', 100, 2, 0, 0),
(160040001, 'Chem 4242', 100, 2, 0, 0),
(160040002, 'Chem 4242', 100, 2, 0, 0),
(160040004, 'Chem 4242', 100, 2, 0, 0),
(160040005, 'Chem 4242', 100, 2, 0, 0),
(160040006, 'Chem 4242', 100, 2, 0, 0),
(160040007, 'Chem 4242', 100, 2, 0, 0),
(170040001, 'Chem 4242', 0, 1, 0, 0),
(170040002, 'Chem 4242', 0, 1, 0, 0),
(170040003, 'Chem 4242', 0, 1, 0, 0),
(16004003, 'CSE 4104', 90.91, 2, 0, 0),
(160040001, 'CSE 4104', 90.91, 2, 0, 0),
(160040002, 'CSE 4104', 81.82, 2, 0, 0),
(160040004, 'CSE 4104', 100, 2, 0, 0),
(160040005, 'CSE 4104', 90.91, 2, 0, 0),
(160040006, 'CSE 4104', 100, 2, 0, 0),
(160040007, 'CSE 4104', 100, 2, 0, 0),
(170040001, 'CSE 4104', 0, 1, 0, 0),
(170040002, 'CSE 4104', 0, 1, 0, 0),
(170040003, 'CSE 4104', 0, 1, 0, 0);

-- --------------------------------------------------------

--
-- Table structure for table `results`
--

CREATE TABLE `results` (
  `student_fk_result` bigint(20) NOT NULL,
  `gpa_result` double NOT NULL,
  `cgpa_result` double NOT NULL,
  `sem_result` int(11) NOT NULL,
  `update_result` int(11) NOT NULL,
  `block_result` int(11) NOT NULL
) ENGINE=InnoDB DEFAULT CHARSET=utf8mb4;

--
-- Dumping data for table `results`
--

INSERT INTO `results` (`student_fk_result`, `gpa_result`, `cgpa_result`, `sem_result`, `update_result`, `block_result`) VALUES
(16004003, 3.9, 3.9, 1, 1, 0),
(160040001, 3.89, 3.89, 1, 1, 0),
(160040002, 4, 4, 1, 1, 0),
(160040004, 4, 4, 1, 1, 0),
(160040005, 3.99, 3.99, 1, 1, 0),
(160040006, 3.71, 3.71, 1, 1, 0),
(160040007, 3.69, 3.69, 1, 1, 0),
(16004003, 3.61, 3.76, 2, 0, 0),
(160040001, 3.95, 3.92, 2, 0, 0),
(160040002, 3.85, 3.93, 2, 0, 0),
(160040004, 3.67, 3.84, 2, 0, 0),
(160040005, 3.88, 3.94, 2, 0, 0),
(160040006, 3.83, 3.77, 2, 0, 0),
(160040007, 3.75, 3.72, 2, 0, 0);

-- --------------------------------------------------------

--
-- Table structure for table `students`
--

CREATE TABLE `students` (
  `student_id` bigint(20) NOT NULL,
  `student_name` text NOT NULL,
  `student_email` text NOT NULL,
  `student_pass` text NOT NULL,
  `user_fk_student` bigint(20) UNSIGNED NOT NULL,
  `student_sem` int(11) NOT NULL,
  `updated_at` timestamp NOT NULL DEFAULT current_timestamp(),
  `created_at` timestamp NOT NULL DEFAULT current_timestamp()
) ENGINE=InnoDB DEFAULT CHARSET=utf8mb4;

--
-- Dumping data for table `students`
--

INSERT INTO `students` (`student_id`, `student_name`, `student_email`, `student_pass`, `user_fk_student`, `student_sem`, `updated_at`, `created_at`) VALUES
(16004003, 'mikayilou', 'mikayilou@iut-dhaka.edu', '16004003', 2016, 2, '2020-05-04 00:52:52', '2020-05-04 00:52:52'),
(160040001, 'Arfa abdourahim', 'arfa@iut-dhaka.edu', '160040001', 2014, 2, '2020-05-23 23:30:56', '2020-05-04 00:51:17'),
(160040002, 'amadou olabi', 'amadou@iut-dhaka.edu', '160040002', 2015, 2, '2020-05-04 00:52:22', '2020-05-04 00:52:22'),
(160040004, 'Abdel Karim', 'abdelkarim@iut-dhaka.edu', '160040004', 2017, 2, '2020-05-04 00:53:57', '2020-05-04 00:53:57'),
(160040005, 'Abdel Kader Gelany', 'abdelkader@iut-dhaka.edu', '160040005', 2018, 2, '2020-05-04 00:55:46', '2020-05-04 00:55:46'),
(160040006, 'Tani Barkat', 'tani@iut-dhaka.edu', '160040006', 2030, 2, '2020-05-18 23:19:03', '2020-05-18 23:19:03'),
(160040007, 'anass mohammad', 'anass@iut-dhaka.edu', '160040007', 2031, 2, '2020-05-22 00:02:20', '2020-05-22 00:02:20'),
(170040001, 'Abdul Hakim', 'abdulhakim@iut-dhaka.edu', '170040001', 2033, 1, '2020-12-30 22:38:25', '2020-12-30 22:38:25'),
(170040002, 'Omar Abdallah', 'omarabdallah@gmail.com', '170040002', 2034, 1, '2020-12-30 22:39:09', '2020-12-30 22:39:09'),
(170040003, 'Abdel Rahman', 'abdelrahman@iut-dhaka.edu', '170040003', 2035, 1, '2020-12-30 22:39:58', '2020-12-30 22:39:58');

-- --------------------------------------------------------

--
-- Table structure for table `teachers`
--

CREATE TABLE `teachers` (
  `teacher_id` bigint(20) NOT NULL,
  `user_fk_teacher` bigint(20) UNSIGNED NOT NULL,
  `teacher_name` text NOT NULL,
  `teacher_email` text NOT NULL,
  `teacher_pass` text NOT NULL,
  `teacher_office` text NOT NULL,
  `updated_at` timestamp NOT NULL DEFAULT current_timestamp(),
  `created_at` timestamp NOT NULL DEFAULT current_timestamp()
) ENGINE=InnoDB DEFAULT CHARSET=utf8mb4;

--
-- Dumping data for table `teachers`
--

INSERT INTO `teachers` (`teacher_id`, `user_fk_teacher`, `teacher_name`, `teacher_email`, `teacher_pass`, `teacher_office`, `updated_at`, `created_at`) VALUES
(19003002, 2008, 'Ibrahim Mubarack', 'mubarack@iut-dhaka.edu', '19003002', '513 second academic building', '2020-05-03 11:22:06', '2020-05-03 11:22:06'),
(160030001, 2007, 'Njayou Youssouf', 'youssouf@iut-dhaka.edu', '160030001', '512 second academic building', '2020-05-23 23:29:10', '2020-05-03 11:18:46'),
(160030002, 2019, 'Talha Ibn Aziz', 'talhaibnaziz@iut-dhaka.edu', '160030002', 'Room 602, Level 6, Academic Building 2, IUT', '2020-05-06 06:26:49', '2020-05-06 06:26:49'),
(160030003, 2020, 'Muhammad Shihab Rashid', 'shihabrashid@iut-dhaka.edu', '160030003', '602, Academic Building Roman 2, IUT, Board Bazar, Gazipur', '2020-05-06 06:28:07', '2020-05-06 06:28:07'),
(160030004, 2021, 'Bakhtiar Hasan', 'bakhtiarhasan@iut-dhaka.edu', '160030004', 'Room 601, Level6, Academic Building II, IUT', '2020-05-06 06:29:34', '2020-05-06 06:29:34'),
(160030005, 2022, 'Saquib Irtiza', 'saquibirtiza@iut-dhaka.edu', '160030005', 'Room 601, Level 6, Academic Building II, Islamic University of Technology', '2020-05-06 06:31:04', '2020-05-06 06:31:04'),
(160030006, 2023, 'Md. Mohsinul Kabir', 'mohsinulkabir@iut-dhaka.edu', '160030006', 'Room601, Second Academic Building, Islamic University of Technology, Dh', '2020-05-06 06:32:06', '2020-05-06 06:32:06'),
(160030007, 2024, 'Afrina Khatun', 'bit0411@iit.du.ac.bd', '160030007', 'Computer Science and Engineering', '2020-05-06 06:33:22', '2020-05-06 06:33:22'),
(160030008, 2025, 'Mr. Benadjih Oiriddine Abdou', 'benadjih@iut-dhaka.edu', '160030008', '312 first academic building', '2020-05-06 08:03:01', '2020-05-06 08:03:01'),
(160030009, 2026, 'Ms. Abdullahi Binta Suleiman', 'abdullahisuleman@iut-dhaka.edu', '160030009', '315 first academic building', '2020-05-06 08:04:09', '2020-05-06 08:04:09'),
(160030010, 2027, 'Mr. Hamisi Ramadhan Mubarak', 'hamisiramadhan@iut-dhaka.edu', '160030010', '312 first academic building', '2020-05-06 08:05:56', '2020-05-06 08:05:56'),
(160030011, 2028, 'Prof. Dr. Abu Taher', 'abutaher@iut-dhaka.edu', '160030011', '612 second academic building', '2020-05-06 10:59:31', '2020-05-06 10:59:31'),
(160030012, 2029, 'Prof. Dr. Firoz Alam Khan', 'firozalamkhan@iut-dhaka.edu', '160030012', '514 second academic building', '2020-05-06 11:01:21', '2020-05-06 11:01:21'),
(160030013, 2032, 'Nazrul Islam', 'nazrulislam@iut-dhaka.edu', '160030013', '612 second academic building', '2020-12-28 02:52:14', '2020-12-28 02:52:14');

-- --------------------------------------------------------

--
-- Table structure for table `teachs`
--

CREATE TABLE `teachs` (
  `id` int(11) NOT NULL,
  `teacher_fk_teach` bigint(20) NOT NULL,
  `course_fk_teach` varchar(10) NOT NULL
) ENGINE=InnoDB DEFAULT CHARSET=utf8mb4;

--
-- Dumping data for table `teachs`
--

INSERT INTO `teachs` (`id`, `teacher_fk_teach`, `course_fk_teach`) VALUES
(5, 160030001, 'CSE 4104'),
(6, 160030002, 'CSE 4107'),
(7, 160030002, 'CSE 4108'),
(8, 160030004, 'CSE 4105'),
(9, 160030008, 'Hum 4147'),
(10, 160030009, 'Hum 4144'),
(11, 160030010, 'Hum 4145'),
(12, 160030008, 'Hum 4142'),
(13, 160030011, 'Math 4141'),
(15, 160030012, 'Phy 4142'),
(16, 19003002, 'EEE 4383'),
(17, 19003002, 'EEE 4384'),
(18, 160030013, 'Chem 4241'),
(19, 160030013, 'Chem 4242'),
(20, 160030002, 'CSE 4202'),
(21, 160030006, 'CSE 4203'),
(22, 160030004, 'CSE 4205'),
(23, 160030004, 'CSE 4206'),
(24, 160030009, 'Hum 4241'),
(25, 160030010, 'Hum 4244'),
(26, 160030008, 'Hum 4242'),
(27, 160030011, 'Math 4241'),
(30, 160030012, 'Phy 4141'),
(32, 160030012, 'Phy 4241'),
(33, 160030012, 'Phy 4242');

-- --------------------------------------------------------

--
-- Table structure for table `users`
--

CREATE TABLE `users` (
  `id` bigint(20) UNSIGNED NOT NULL,
  `user_type` varchar(10) COLLATE utf8mb4_unicode_ci NOT NULL,
  `name` varchar(255) COLLATE utf8mb4_unicode_ci NOT NULL,
  `email` varchar(255) COLLATE utf8mb4_unicode_ci DEFAULT NULL,
  `email_verified_at` timestamp NULL DEFAULT NULL,
  `password` varchar(255) COLLATE utf8mb4_unicode_ci DEFAULT NULL,
  `remember_token` varchar(100) COLLATE utf8mb4_unicode_ci DEFAULT NULL,
  `created_at` timestamp NULL DEFAULT NULL,
  `updated_at` timestamp NULL DEFAULT NULL
) ENGINE=InnoDB DEFAULT CHARSET=utf8mb4 COLLATE=utf8mb4_unicode_ci;

--
-- Dumping data for table `users`
--

INSERT INTO `users` (`id`, `user_type`, `name`, `email`, `email_verified_at`, `password`, `remember_token`, `created_at`, `updated_at`) VALUES
(2000, 'admin', 'abdel', NULL, NULL, NULL, NULL, NULL, NULL),
(2001, 'admin', 'gelany', NULL, NULL, NULL, NULL, NULL, NULL),
(2002, 'teacher', 'Njayou Youssouf', NULL, NULL, NULL, NULL, '2020-05-03 11:11:46', '2020-05-03 11:11:46'),
(2003, 'teacher', 'Njayou Youssouf', NULL, NULL, NULL, NULL, '2020-05-03 11:12:15', '2020-05-03 11:12:15'),
(2004, 'teacher', 'Njayou Youssouf', NULL, NULL, NULL, NULL, '2020-05-03 11:12:23', '2020-05-03 11:12:23'),
(2005, 'teacher', 'Njayou Youssouf', NULL, NULL, NULL, NULL, '2020-05-03 11:12:46', '2020-05-03 11:12:46'),
(2006, 'teacher', 'Njayou Youssouf', NULL, NULL, NULL, NULL, '2020-05-03 11:16:44', '2020-05-03 11:16:44'),
(2007, 'teacher', 'Njayou Youssouf', NULL, NULL, NULL, NULL, '2020-05-03 11:18:46', '2020-05-03 11:18:46'),
(2008, 'teacher', 'Ibrahim Mubarack', NULL, NULL, NULL, NULL, '2020-05-03 11:22:05', '2020-05-03 11:22:05'),
(2009, 'student', 'Arfa abdourahim', NULL, NULL, NULL, NULL, '2020-05-04 00:46:00', '2020-05-04 00:46:00'),
(2010, 'student', 'Arfa abdourahim', NULL, NULL, NULL, NULL, '2020-05-04 00:46:59', '2020-05-04 00:46:59'),
(2011, 'student', 'Arfa abdourahim', NULL, NULL, NULL, NULL, '2020-05-04 00:48:13', '2020-05-04 00:48:13'),
(2012, 'student', 'Arfa abdourahim', NULL, NULL, NULL, NULL, '2020-05-04 00:48:55', '2020-05-04 00:48:55'),
(2013, 'student', 'Arfa abdourahim', NULL, NULL, NULL, NULL, '2020-05-04 00:49:23', '2020-05-04 00:49:23'),
(2014, 'student', 'Arfa abdourahim', NULL, NULL, NULL, NULL, '2020-05-04 00:51:17', '2020-05-04 00:51:17'),
(2015, 'student', 'amadou olabi', NULL, NULL, NULL, NULL, '2020-05-04 00:52:21', '2020-05-04 00:52:21'),
(2016, 'student', 'mikayilou', NULL, NULL, NULL, NULL, '2020-05-04 00:52:52', '2020-05-04 00:52:52'),
(2017, 'student', 'Abdel Karim', NULL, NULL, NULL, NULL, '2020-05-04 00:53:57', '2020-05-04 00:53:57'),
(2018, 'student', 'Abdel Kader Gelany', NULL, NULL, NULL, NULL, '2020-05-04 00:55:46', '2020-05-04 00:55:46'),
(2019, 'teacher', 'Talha Ibn Aziz', NULL, NULL, NULL, NULL, '2020-05-06 06:26:48', '2020-05-06 06:26:48'),
(2020, 'teacher', 'Muhammad Shihab Rashid', NULL, NULL, NULL, NULL, '2020-05-06 06:28:06', '2020-05-06 06:28:06'),
(2021, 'teacher', 'Bakhtiar Hasan', NULL, NULL, NULL, NULL, '2020-05-06 06:29:34', '2020-05-06 06:29:34'),
(2022, 'teacher', 'Saquib Irtiza', NULL, NULL, NULL, NULL, '2020-05-06 06:31:03', '2020-05-06 06:31:03'),
(2023, 'teacher', 'Md. Mohsinul Kabir', NULL, NULL, NULL, NULL, '2020-05-06 06:32:05', '2020-05-06 06:32:05'),
(2024, 'teacher', 'Afrina Khatun', NULL, NULL, NULL, NULL, '2020-05-06 06:33:21', '2020-05-06 06:33:21'),
(2025, 'teacher', 'Mr. Benadjih Oiriddine Abdou', NULL, NULL, NULL, NULL, '2020-05-06 08:03:01', '2020-05-06 08:03:01'),
(2026, 'teacher', 'Ms. Abdullahi Binta Suleiman', NULL, NULL, NULL, NULL, '2020-05-06 08:04:08', '2020-05-06 08:04:08'),
(2027, 'teacher', 'Mr. Hamisi Ramadhan Mubarak', NULL, NULL, NULL, NULL, '2020-05-06 08:05:55', '2020-05-06 08:05:55'),
(2028, 'teacher', 'Prof. Dr. Abu Taher', NULL, NULL, NULL, NULL, '2020-05-06 10:59:30', '2020-05-06 10:59:30'),
(2029, 'teacher', 'Prof. Dr. Firoz Alam Khan', NULL, NULL, NULL, NULL, '2020-05-06 11:01:20', '2020-05-06 11:01:20'),
(2030, 'student', 'Tani Barkat', NULL, NULL, NULL, NULL, '2020-05-18 23:19:03', '2020-05-18 23:19:03'),
(2031, 'student', 'anass mohammad', NULL, NULL, NULL, NULL, '2020-05-22 00:02:19', '2020-05-22 00:02:19'),
(2032, 'teacher', 'Nazrul Islam', NULL, NULL, NULL, NULL, '2020-12-28 02:52:14', '2020-12-28 02:52:14'),
(2033, 'student', 'Abdul Hakim', NULL, NULL, NULL, NULL, '2020-12-30 22:38:24', '2020-12-30 22:38:24'),
(2034, 'student', 'Omar Abdallah', NULL, NULL, NULL, NULL, '2020-12-30 22:39:08', '2020-12-30 22:39:08'),
(2035, 'student', 'Abdel Rahman', NULL, NULL, NULL, NULL, '2020-12-30 22:39:58', '2020-12-30 22:39:58');

--
-- Indexes for dumped tables
--

--
-- Indexes for table `admns`
--
ALTER TABLE `admns`
  ADD PRIMARY KEY (`admin_id`),
  ADD KEY `user_fk_admin` (`user_fk_admin`);

--
-- Indexes for table `attendances`
--
ALTER TABLE `attendances`
  ADD KEY `course_fk_att` (`course_fk_att`),
  ADD KEY `student_fk_att` (`student_fk_att`);

--
-- Indexes for table `comments`
--
ALTER TABLE `comments`
  ADD PRIMARY KEY (`comment_id`),
  ADD KEY `message_fk_comment` (`message_fk_comment`);

--
-- Indexes for table `courses`
--
ALTER TABLE `courses`
  ADD PRIMARY KEY (`course_id`);

--
-- Indexes for table `coursetakes`
--
ALTER TABLE `coursetakes`
  ADD KEY `student_fk_take` (`student_fk_take`);

--
-- Indexes for table `failed_jobs`
--
ALTER TABLE `failed_jobs`
  ADD PRIMARY KEY (`id`);

--
-- Indexes for table `grades`
--
ALTER TABLE `grades`
  ADD KEY `course_fk_grade` (`course_fk_grade`),
  ADD KEY `student_fk_grade` (`student_fk_grade`);

--
-- Indexes for table `materials`
--
ALTER TABLE `materials`
  ADD KEY `course_fk_material` (`course_fk_material`);

--
-- Indexes for table `messages`
--
ALTER TABLE `messages`
  ADD PRIMARY KEY (`message_id`),
  ADD KEY `course_fk_message` (`course_fk_message`);

--
-- Indexes for table `migrations`
--
ALTER TABLE `migrations`
  ADD PRIMARY KEY (`id`);

--
-- Indexes for table `notifications`
--
ALTER TABLE `notifications`
  ADD PRIMARY KEY (`notificarion_id`),
  ADD KEY `course_fk_notification` (`course_fk_notification`);

--
-- Indexes for table `password_resets`
--
ALTER TABLE `password_resets`
  ADD KEY `password_resets_email_index` (`email`);

--
-- Indexes for table `percentage_attendances`
--
ALTER TABLE `percentage_attendances`
  ADD KEY `student_fk_percentage` (`student_fk_percentage`),
  ADD KEY `course_fk_percentage` (`course_fk_percentage`);

--
-- Indexes for table `results`
--
ALTER TABLE `results`
  ADD KEY `student_fk_result` (`student_fk_result`);

--
-- Indexes for table `students`
--
ALTER TABLE `students`
  ADD PRIMARY KEY (`student_id`),
  ADD KEY `user_fk_student` (`user_fk_student`);

--
-- Indexes for table `teachers`
--
ALTER TABLE `teachers`
  ADD PRIMARY KEY (`teacher_id`),
  ADD KEY `user_fk_teacher` (`user_fk_teacher`);

--
-- Indexes for table `teachs`
--
ALTER TABLE `teachs`
  ADD PRIMARY KEY (`id`),
  ADD KEY `course_fk_teach` (`course_fk_teach`),
  ADD KEY `teacher_fk_teach` (`teacher_fk_teach`);

--
-- Indexes for table `users`
--
ALTER TABLE `users`
  ADD PRIMARY KEY (`id`),
  ADD UNIQUE KEY `users_email_unique` (`email`);

--
-- AUTO_INCREMENT for dumped tables
--

--
-- AUTO_INCREMENT for table `comments`
--
ALTER TABLE `comments`
  MODIFY `comment_id` bigint(20) NOT NULL AUTO_INCREMENT, AUTO_INCREMENT=15;

--
-- AUTO_INCREMENT for table `failed_jobs`
--
ALTER TABLE `failed_jobs`
  MODIFY `id` bigint(20) UNSIGNED NOT NULL AUTO_INCREMENT;

--
-- AUTO_INCREMENT for table `messages`
--
ALTER TABLE `messages`
  MODIFY `message_id` bigint(20) NOT NULL AUTO_INCREMENT, AUTO_INCREMENT=9;

--
-- AUTO_INCREMENT for table `migrations`
--
ALTER TABLE `migrations`
  MODIFY `id` int(10) UNSIGNED NOT NULL AUTO_INCREMENT, AUTO_INCREMENT=4;

--
-- AUTO_INCREMENT for table `notifications`
--
ALTER TABLE `notifications`
  MODIFY `notificarion_id` int(11) NOT NULL AUTO_INCREMENT, AUTO_INCREMENT=8;

--
-- AUTO_INCREMENT for table `teachs`
--
ALTER TABLE `teachs`
  MODIFY `id` int(11) NOT NULL AUTO_INCREMENT, AUTO_INCREMENT=34;

--
-- AUTO_INCREMENT for table `users`
--
ALTER TABLE `users`
  MODIFY `id` bigint(20) UNSIGNED NOT NULL AUTO_INCREMENT, AUTO_INCREMENT=2036;

--
-- Constraints for dumped tables
--

--
-- Constraints for table `admns`
--
ALTER TABLE `admns`
  ADD CONSTRAINT `admns_ibfk_1` FOREIGN KEY (`user_fk_admin`) REFERENCES `users` (`id`) ON UPDATE CASCADE;

--
-- Constraints for table `attendances`
--
ALTER TABLE `attendances`
  ADD CONSTRAINT `attendances_ibfk_1` FOREIGN KEY (`course_fk_att`) REFERENCES `courses` (`course_id`) ON UPDATE CASCADE,
  ADD CONSTRAINT `attendances_ibfk_2` FOREIGN KEY (`student_fk_att`) REFERENCES `students` (`student_id`) ON UPDATE CASCADE;

--
-- Constraints for table `comments`
--
ALTER TABLE `comments`
  ADD CONSTRAINT `comments_ibfk_1` FOREIGN KEY (`message_fk_comment`) REFERENCES `messages` (`message_id`) ON DELETE CASCADE ON UPDATE CASCADE;

--
-- Constraints for table `coursetakes`
--
ALTER TABLE `coursetakes`
  ADD CONSTRAINT `coursetakes_ibfk_1` FOREIGN KEY (`student_fk_take`) REFERENCES `students` (`student_id`) ON UPDATE CASCADE;

--
-- Constraints for table `grades`
--
ALTER TABLE `grades`
  ADD CONSTRAINT `grades_ibfk_1` FOREIGN KEY (`course_fk_grade`) REFERENCES `courses` (`course_id`) ON UPDATE CASCADE,
  ADD CONSTRAINT `grades_ibfk_2` FOREIGN KEY (`student_fk_grade`) REFERENCES `students` (`student_id`) ON UPDATE CASCADE;

--
-- Constraints for table `materials`
--
ALTER TABLE `materials`
  ADD CONSTRAINT `materials_ibfk_1` FOREIGN KEY (`course_fk_material`) REFERENCES `courses` (`course_id`) ON UPDATE CASCADE;

--
-- Constraints for table `messages`
--
ALTER TABLE `messages`
  ADD CONSTRAINT `messages_ibfk_1` FOREIGN KEY (`course_fk_message`) REFERENCES `courses` (`course_id`) ON DELETE CASCADE ON UPDATE CASCADE;

--
-- Constraints for table `notifications`
--
ALTER TABLE `notifications`
  ADD CONSTRAINT `notifications_ibfk_1` FOREIGN KEY (`course_fk_notification`) REFERENCES `courses` (`course_id`) ON DELETE CASCADE ON UPDATE CASCADE;

--
-- Constraints for table `percentage_attendances`
--
ALTER TABLE `percentage_attendances`
  ADD CONSTRAINT `percentage_attendances_ibfk_1` FOREIGN KEY (`student_fk_percentage`) REFERENCES `students` (`student_id`) ON UPDATE CASCADE,
  ADD CONSTRAINT `percentage_attendances_ibfk_2` FOREIGN KEY (`course_fk_percentage`) REFERENCES `courses` (`course_id`) ON UPDATE CASCADE;

--
-- Constraints for table `results`
--
ALTER TABLE `results`
  ADD CONSTRAINT `results_ibfk_1` FOREIGN KEY (`student_fk_result`) REFERENCES `students` (`student_id`) ON UPDATE CASCADE;

--
-- Constraints for table `students`
--
ALTER TABLE `students`
  ADD CONSTRAINT `students_ibfk_1` FOREIGN KEY (`user_fk_student`) REFERENCES `users` (`id`) ON UPDATE CASCADE;

--
-- Constraints for table `teachers`
--
ALTER TABLE `teachers`
  ADD CONSTRAINT `teachers_ibfk_1` FOREIGN KEY (`user_fk_teacher`) REFERENCES `users` (`id`) ON UPDATE CASCADE;

--
-- Constraints for table `teachs`
--
ALTER TABLE `teachs`
  ADD CONSTRAINT `teachs_ibfk_2` FOREIGN KEY (`course_fk_teach`) REFERENCES `courses` (`course_id`) ON UPDATE CASCADE,
  ADD CONSTRAINT `teachs_ibfk_3` FOREIGN KEY (`teacher_fk_teach`) REFERENCES `teachers` (`teacher_id`) ON UPDATE CASCADE;
COMMIT;

/*!40101 SET CHARACTER_SET_CLIENT=@OLD_CHARACTER_SET_CLIENT */;
/*!40101 SET CHARACTER_SET_RESULTS=@OLD_CHARACTER_SET_RESULTS */;
/*!40101 SET COLLATION_CONNECTION=@OLD_COLLATION_CONNECTION */;
